id,name,phone,createdAt
cmsyoovmt0007v3qo0yf3pvbd,"Sub-Inspector Police - K. Yadagiri",919492359110,2026-08-18T13:13:57.029Z
cmsyoovs60008v3qoy7xlbuqc,"Sub-Inspector Police - C. Yadavareddy",918555872362,2026-08-18T13:13:57.223Z
cmsyoovy60009v3qo5l8o7q3i,"Sub-Inspector Police - M. Lakshmaiah",918712580129,2026-08-18T13:13:57.438Z
cmsyoowa3000bv3qo65hosfxz,"Bhongir Rural CI Police",919440795642,2026-08-18T13:13:57.867Z
cmswz7zoz0004l104ajr8q7h4,"సౌమ్య రెడ్డి",919876543210,2026-08-17T08:33:12.563Z
cmsyoov4x0004v3qoxkkrsos5,"She Team Police Helpline",919490617111,2026-08-18T13:13:56.385Z
cmsyooufv0000v3qoffrcgp92,"Emergency Police Control Room - Police Helpline",100,2026-08-18T13:13:55.482Z
cmsyooum50001v3qo6b99y8cq,"Emergency Ambulance Services (108) - Ambulance Helpline",108,2026-08-18T13:13:55.709Z
cmsyoousy0002v3qochbm85fe,"Fire Station Emergency (101) - Fire Station Helpline",101,2026-08-18T13:13:55.955Z
cmsyoouyu0003v3qo9pqvsg01,"Arogyasri Medical Helpline (104) - Arogyasri Helpline",104,2026-08-18T13:13:56.166Z
cmsyoox97000hv3qo30aakeik,"AO Collectorate Yadadri Bhongir - John Mohan",918331997006,2026-08-18T13:13:59.131Z
cmsyoowg0000cv3qo7e6a0qy0,"District Collector - Hanumanthu Rao",918331997001,2026-08-18T13:13:58.081Z
cmsyoowlk000dv3qocc3q6ot9,"Joint Collector - Ravi Gupta",918331997002,2026-08-18T13:13:58.281Z
cmsyoowr6000ev3qotjcn711z,"DRO - R. Mahendar Reddy",918331997003,2026-08-18T13:13:58.483Z
cmsyoowx0000fv3qoguh602jn,"RDO Bhongir - M.V. Bhupal Reddy",918331997004,2026-08-18T13:13:58.692Z
cmsyoox37000gv3qoehz8ezj1,"RDO Choutuppal - V. Shekhar Reddy",918331997005,2026-08-18T13:13:58.915Z
cmsyooxeu000iv3qozuwjive2,"Tahsildar Choutuppal - Veerabai",918331997020,2026-08-18T13:13:59.334Z
cmsyooxkd000jv3qobd1071a8,"Deputy Tahsildar - P. Siddhartha",919505267778,2026-08-18T13:13:59.534Z
cmsyooxq9000kv3qok966kawm,"MPDO Officer - Bojja Sandeep Kumar",919989059012,2026-08-18T13:13:59.746Z
cmsyooxw2000lv3qottd4avnc,"District Agriculture Officer - D. Srinivas Kumar",918221997016,2026-08-18T13:13:59.955Z
cmsyooy1b000mv3qor98qrknw,"AE Panchayati Raj - Y. Nithish Kumar",919121136770,2026-08-18T13:14:00.144Z
cmsyooy6z000nv3qorxaj6f8z,"CPO Officer - G. Jagadeesh",918897811393,2026-08-18T13:14:00.347Z
cmsyooycx000ov3qob1skgwzx,"Municipal Commissioner - Venugopal Reddy",919849905913,2026-08-18T13:14:00.561Z
cmsyooyif000pv3qokpeycobs,"District Medical Officer - Dr. Madhusudhan",919989997697,2026-08-18T13:14:00.759Z
cmsyooyo1000qv3qo4r0s5e0w,"Arogyasri Manager - K. Pramod",919333815944,2026-08-18T13:14:00.962Z
cmsyooyti000rv3qo33trpflw,"Agricultural Officer Choutuppal",917288894513,2026-08-18T13:14:01.159Z
cmsyooyyx000sv3qo8e4c6jyl,"Market Committee Secretary",917330733596,2026-08-18T13:14:01.354Z
cmsyooz4q000tv3qobjtdk54z,"Current Substation Choutuppal Emergency",919491065911,2026-08-18T13:14:01.563Z
cmsyoovat0005v3qojwl7z7u0,"Inspector Police - G. Manmadha Kumar",918712662481,2026-08-18T13:13:56.598Z
cmswz7y920000l10487y6sug1,"వెంకటేష్ గౌడ్",919441348175,2026-08-17T08:33:10.694Z
cmsyoow3v000av3qo2mhkxzda,"Bhongir Town CI Police",919440795645,2026-08-18T13:13:57.643Z
cmsyoovgp0006v3qoo5df21rj,"Sub-Inspector Police - N. Krishna Murthy",918771258018,2026-08-18T13:13:56.810Z
cmt415zwe0093v3ccmn7v7ec4,"Veterinary Hospital Assistant - Gode Rajesh",+919848010772,2026-08-22T07:02:01.982Z
cmt415zlc0090v3ccbol44bae,"Primary Health Center Medical Officer - Chintala Reddy",+919848010775,2026-08-22T07:02:01.584Z
cmt415zov0091v3ccxh5fuxv6,"Anganwadi Sector Supervisor - Gande Goud",+919848010774,2026-08-22T07:02:01.712Z
cmt415zt10092v3ccjwcpmr0h,"Public Works Department Officer - Nandikanti Balu",+919848010773,2026-08-22T07:02:01.861Z
cmt415zek008yv3cc601925t7,"Village Revenue Assistant VRA - Chilukuri Gupta",+919848010777,2026-08-22T07:02:01.341Z
cmt415zhy008zv3cc3zy1odh8,"Asha Health Worker Incharge - Gutta Rao",+919848010776,2026-08-22T07:02:01.463Z
cmsyop39a001hv3qo6qwwnzvc,"HDFC Bank Choutuppal Branch",919848730946,2026-08-18T13:14:06.911Z
cmsyop2tc001fv3qo4fxg2je8,"State Bank of India Choutuppal Main Branch - SBI Choutuppal Branch",08694272230,2026-08-18T13:14:06.336Z
cmsyr1imc0000v3tscp81ychw,"Traffic Police Station Choutuppal",917901133024,2026-08-18T14:19:45.923Z
cmsyoozfm000vv3qo60hrr4m7,"Transco Electrical AE - Power Emergency",919440813595,2026-08-18T13:14:01.955Z
cmsyoozl5000wv3qo2o990iqi,"Divisional Engineer DE OP Electricity",917901093658,2026-08-18T13:14:02.154Z
cmsyoozra000xv3qo1re6vgmb,"Assistant Engineer AOE OP Electricity",919440813567,2026-08-18T13:14:02.374Z
cmsyr1mqy0001v3ts05i9ys9d,"AAO Electricity Office Choutuppal",917901099602,2026-08-18T14:19:51.274Z
cmsyop02i000zv3qoteh46mvd,"MP Bhongir - Chamala Kiran Kumar Reddy",919908355699,2026-08-18T13:14:02.779Z
cmsyop08k0010v3qovszqcdyw,"MP Nalgonda - Gutta Amit Reddy",919989222288,2026-08-18T13:14:02.997Z
cmsyop0e60011v3qognwyeilx,"MLC Council - Teenmar Mallanna",919866524314,2026-08-18T13:14:03.199Z
cmsyop0jy0012v3qo1pzz9zge,"DCC President - Beerla Ailaiah",919948297777,2026-08-18T13:14:03.407Z
cmsyop0pl0013v3qopm4jfbu8,"Ex MLC Leader - Karne Prabhakar",919618883555,2026-08-18T13:14:03.609Z
cmsyop1100015v3qo6aryex06,"Ex ZPTC Leader - Chilukuri Prabhakar Reddy",919908899488,2026-08-18T13:14:04.020Z
cmsyop1dc0017v3qogoixk8y3,"Ex Municipal Chairman - Venreddy Raju",919848269754,2026-08-18T13:14:04.465Z
cmsyop1jb0018v3qotqbmgr9y,"Municipal Leader - Venkateshwar Nayak",919849904150,2026-08-18T13:14:04.679Z
cmsyop1p20019v3qo1xpe4oz3,"Public Leader - Ubbu Venkataiah",919848760477,2026-08-18T13:14:04.887Z
cmsyr1p3r0002v3tsy065wqdr,"Sarpanch Allapuram - Bethelli Manjula",918074164063,2026-08-18T14:19:54.328Z
cmsyr1pgh0003v3tswgt04eic,"Sarpanch Ankireddygudem - Survi Mallaiah Goud",919948257424,2026-08-18T14:19:54.785Z
cmsyr1psg0004v3tsq69ygfam,"Sarpanch Are Gudem - Yennapalli Dhanalaxmi",919640926928,2026-08-18T14:19:55.217Z
cmsyop209001bv3qokj4c2huq,"Bhongir Government Hospital Emergency",917702544000,2026-08-18T13:14:05.289Z
cmsyop25u001cv3qo2sv50sct,"Ramannapet Community Health Center",918008553205,2026-08-18T13:14:05.490Z
cmsyop2bw001dv3qoath4aggs,"Aleru Community Health Center",918008039691,2026-08-18T13:14:05.709Z
cmsyop2hn001ev3qoi9xw2a5c,"Bhagyasri Hospital & Eye Care",919848732428,2026-08-18T13:14:05.915Z
cmsyop30z001gv3qoou1q3ez7,"Canara Bank Choutuppal Main Road",919948485483,2026-08-18T13:14:06.611Z
cmsyooza7000uv3qo07r4p5n3,"IPDC Power Substation Choutuppal",917382615170,2026-08-18T13:14:01.759Z
cmsyoozwy000yv3qohytg8ayw,"MLA Munugode - Komatireddy Rajagopal Reddy",919866911221,2026-08-18T13:14:02.578Z
cmsyop0vc0014v3qozyneqznr,"Ex MLA Leader - Kusukuntla Prabhakar Reddy",919908500369,2026-08-18T13:14:03.816Z
cmsyr1q4k0005v3tshc4nnpnk,"Sarpanch Chinna Kondur - Linga Chandraiah",919848081553,2026-08-18T14:19:55.653Z
cmsyr1qar0006v3tswi4z2eeu,"Sarpanch Chintalagudem - Munsugula Anji Reddy",919866856669,2026-08-18T14:19:55.875Z
cmsyr1qgg0007v3tsf69lysoy,"Sarpanch Damera - Satthelli Sridhar Rao",919912336591,2026-08-18T14:19:56.081Z
cmsyr1qm90008v3ts4v8bvwf8,"Sarpanch Dharmojigudem - Javvaji Narsimha",919848730481,2026-08-18T14:19:56.290Z
cmsyr1qyd0009v3tsw1oz2qnt,"Sarpanch D. Nagaram - Surugu Giri",917799710108,2026-08-18T14:19:56.726Z
cmsyr1r45000av3tsxs9boe5n,"Sarpanch D. Malapur - Gingutla Noshang Goud",919659719719,2026-08-18T14:19:56.933Z
cmsyop1up001av3qo5dvo82cp,"Choutuppal Community Health Center Superintendent",919948595002,2026-08-18T13:14:05.090Z
cmt415zzq0094v3ccbx76hzy2,"Agriculture Extension Officer - Dondapati Gopal",+919848010771,2026-08-22T07:02:02.102Z
cmt41606h0096v3cckv00z8nq,"Gram Panchayat Ward Member - Boya Chandraiah",+919848010769,2026-08-22T07:02:02.346Z
cmsyr1rft000cv3ts6np56z9h,"Sarpanch Gundlabavi - Nandikanti Venkatesh",919848814884,2026-08-18T14:19:57.353Z
cmsyr1rm7000dv3tsgxiy8rxo,"Sarpanch Jaikeshwaram - Sammi Reddy Bharathamma",919502944743,2026-08-18T14:19:57.583Z
cmsyr1rry000ev3tsxjj2bizd,"Sarpanch Kaitapuram - Yella Ramalingeshwar Reddy",919885727490,2026-08-18T14:19:57.790Z
cmsyr1rxq000fv3tsk2otbs3i,"Sarpanch Katrevu - Boya Mahendramani",919110353715,2026-08-18T14:19:57.999Z
cmsyr1s3h000gv3ts270nj0qt,"Sarpanch Kuntlagudem - Annaldas Naresh",919948915741,2026-08-18T14:19:58.206Z
cmsyr1s9a000hv3tsf655q6rr,"Sarpanch Maseedgudem - Marri Vamshi Reddy",919848470460,2026-08-18T14:19:58.414Z
cmsyr1sf2000iv3tspzu2wekd,"Sarpanch Mandollagudem - Thangella Venkatesham",919848284667,2026-08-18T14:19:58.622Z
cmsyr1skw000jv3tsiib92h1l,"Sarpanch Nelapatla - Gangapuram Vasantha",918464855517,2026-08-18T14:19:58.832Z
cmsyr1sqo000kv3tsi639u5n3,"Sarpanch Pantangi - Kaaki Sreelatha",919666508503,2026-08-18T14:19:59.041Z
cmsyr1sxh000lv3tsntfmuhht,"Sarpanch Peepalpahad - Pulugari Narsingarao",919848228894,2026-08-18T14:19:59.250Z
cmsyr1t36000mv3tssf7wbfjg,"Sarpanch Pedda Kondur - Gundeboina Shirisha",919848482684,2026-08-18T14:19:59.490Z
cmsyr1tf5000nv3tsj1i7go6t,"Sarpanch S. Lingotam - Bheemidi Pradeep Goud",919849320041,2026-08-18T14:19:59.922Z
cmsyr1tkv000ov3ts63w3te8z,"Sarpanch Thoorpanpally - Bakkathatla Radhika",919553331331,2026-08-18T14:20:00.127Z
cmsyr1tqo000pv3ts2s3opjxn,"Sarpanch Yassanagathanda - Karakontha Raju Nayak",918555937299,2026-08-18T14:20:00.336Z
cmsyr1twe000qv3tsbej74b23,"Sarpanch Ellagiri - Rikkala Mahendar Reddy",919848172555,2026-08-18T14:20:00.542Z
cmsyr1u8e000rv3tsau8wc51r,"Sarpanch Koyyalagudem - Bairikonda Swapna",919989307734,2026-08-18T14:20:00.974Z
cmsyr1ue3000sv3tsdo8n2y3f,"Panchayat Secretary Allapuram - V. Ravinder",918499007353,2026-08-18T14:20:01.179Z
cmsyr1ujr000tv3tsrt8lmf8z,"Panchayat Secretary Ankireddygudem - G. Pandu",919000331876,2026-08-18T14:20:01.383Z
cmsyr1uvs000uv3tsqjhud6zg,"Panchayat Secretary Are Gudem - M. Suresh",919542400491,2026-08-18T14:20:01.816Z
cmsyr1v27000vv3tswmeujsl3,"Panchayat Secretary Chinna Kondur - T. Naresh Kumar",919676248403,2026-08-18T14:20:02.047Z
cmsyr1v7z000wv3ts5pamn53n,"Panchayat Secretary Chintalagudem - P. Sakku Bai",919014705799,2026-08-18T14:20:02.256Z
cmsyr1vk2000xv3ts0c9eznbq,"Panchayat Secretary D. Nagaram - P. Satheesh Kumar",918688558348,2026-08-18T14:20:02.690Z
cmsyr1vpw000yv3tszlcps82u,"Panchayat Secretary Damera - E. Kalpana",919948430999,2026-08-18T14:20:02.900Z
cmsyr1vvr000zv3tsdgwnzn7h,"Panchayat Secretary D. Malapur - P. Ramadevi",919640372500,2026-08-18T14:20:03.111Z
cmsyr1w1k0010v3tsaseukqx3,"Panchayat Secretary Ellambavi - D. Ramakrishna",919121722651,2026-08-18T14:20:03.320Z
cmsyr1wki0011v3tsxf3r9a7b,"Panchayat Secretary Dharmojigudem - S. Bhagyashri",917036079471,2026-08-18T14:20:04.003Z
cmsyr1wrg0012v3tsu0x2ove4,"Panchayat Secretary Gundlabavi - Y. Dhanalaxmi",919948388071,2026-08-18T14:20:04.253Z
cmsyr1wx90013v3tsg22w0jtw,"Panchayat Secretary Jaikeshwaram - C.H. Saritha",919848479912,2026-08-18T14:20:04.461Z
cmsyr1x300014v3ts4m38lik9,"Panchayat Secretary Kaitapuram - K. Anasuya",916300209561,2026-08-18T14:20:04.669Z
cmsyr1x9a0015v3tso67ah95h,"Panchayat Secretary Katrevu - B. Shivashankar",919000772670,2026-08-18T14:20:04.894Z
cmsyr1xrk0017v3tsngqikmp1,"Panchayat Secretary Kuntlagudem - M. Kiran",919666123782,2026-08-18T14:20:05.553Z
cmsyr1xxk0018v3tsym240mo8,"Panchayat Secretary Mandollagudem - R. Mathsyagiri",916304715344,2026-08-18T14:20:05.768Z
cmsyr1y3g0019v3tsfu9dlpxz,"Panchayat Secretary Maseedgudem - N. Kavya",917013432064,2026-08-18T14:20:05.980Z
cmsyr1yfa001av3tsm26e93w0,"Panchayat Secretary Nelapatla - A. Brahmani",919951126484,2026-08-18T14:20:06.406Z
cmt4160d80098v3cc4lu92a5l,"Electrical Assistant Engineer - Ubbu Anjaiah",+919848010767,2026-08-22T07:02:02.588Z
cmsyr1yxi001cv3tsxq5rx4v0,"Panchayat Secretary Pedda Kondur - P. Srisailam",919494351355,2026-08-18T14:20:07.062Z
cmsyr1z9o001dv3ts6w1qr34r,"Panchayat Secretary Peepalpahad - B. Geetha",919849331561,2026-08-18T14:20:07.500Z
cmsyr1zfl001ev3tsjbhglunf,"Panchayat Secretary S. Lingotam - B. Jyothi",918919258174,2026-08-18T14:20:07.713Z
cmsyr1zml001fv3ts4wdbtex1,"Panchayat Secretary Thoorpanpally - E. Vijay Kumar",919666087548,2026-08-18T14:20:07.966Z
cmsyr1zz5001gv3tsubpg3uj9,"Panchayat Secretary Yassanagathanda - D. Rajendar Reddy",919542858492,2026-08-18T14:20:08.418Z
cmsyr204w001hv3tstdk51g73,"Panchayat Secretary Ellagiri - N. Bhavani",918500692457,2026-08-18T14:20:08.624Z
cmsyr21ha001iv3tsuwqfideg,"Sai Jyothi Hospital Emergency",919505963003,2026-08-18T14:20:10.366Z
cmsyr21n2001jv3tsuicywg79,"Dr. G. Santhosh Reddy - Orthopaedic Surgeon",917730039610,2026-08-18T14:20:10.574Z
cmsyr21t7001kv3tsxnjr9sh2,"Newton Physiotherapy Clinic",919963774454,2026-08-18T14:20:10.795Z
cmsyr21yz001lv3tssp5a1mnb,"State Bank of India (SBI) Choutuppal Branch",918694272230,2026-08-18T14:20:11.003Z
cmsyr22iq001mv3tsbsawvotk,"Telangana Grameena Bank Choutuppal",919490153745,2026-08-18T14:20:11.715Z
cmsyr22oj001nv3ts0b35h5z2,"Union Bank of India Choutuppal",919653612651,2026-08-18T14:20:11.923Z
cmsyr22ud001ov3tsva60qcj2,"Indian Bank Choutuppal",919912748900,2026-08-18T14:20:12.133Z
cmsyr230a001pv3ts8j0s0vka,"State Bank of India Hyderabad Road",919030963199,2026-08-18T14:20:12.347Z
cmsyr2366001qv3tsmx98drtw,"District Co-operative Central Bank",918498055171,2026-08-18T14:20:12.559Z
cmsyr23by001rv3tsmt8aivun,"Bank of Baroda Choutuppal",919010522260,2026-08-18T14:20:12.766Z
cmsyr23ht001sv3tso8lpaklz,"Police Sub-Inspector - Survi Mallaiah",919848010000,2026-08-18T14:20:12.977Z
cmsyr23nm001tv3ts7576dgca,"Police Assistant Sub-Inspector - Poloju Narsimha",919848010001,2026-08-18T14:20:13.186Z
cmsyr23te001uv3tsr5kyov5j,"Police Head Constable - Guddati Srinivas",919848010002,2026-08-18T14:20:13.394Z
cmsyr245i001vv3tseai6ci8j,"Revenue Inspector - Beerla Venkatesh",919848010003,2026-08-18T14:20:13.830Z
cmsyr24b8001wv3tspur4qn2i,"Senior Revenue Assistant - Taduri Bhikshapathi",919848010004,2026-08-18T14:20:14.036Z
cmsyr24gy001xv3ts19nqf9bm,"Junior Revenue Assistant - Marri Satyanarayana",919848010005,2026-08-18T14:20:14.242Z
cmsyr24pj001yv3tsz2kyhawb,"Electricity Line Inspector - Pulugari Ravinder",919848010006,2026-08-18T14:20:14.551Z
cmsyr24vf001zv3tsr0cryt2p,"Electrical Assistant Engineer - Bairikonda Mahendar",919848010007,2026-08-18T14:20:14.763Z
cmsyr25do0020v3tsz8yjr57y,"Panchayati Raj Field Officer - Palle Ramesh",919848010008,2026-08-18T14:20:15.421Z
cmsyr25ji0021v3tshucf0wqy,"Gram Panchayat Ward Member - Bandari Suresh",919848010009,2026-08-18T14:20:15.631Z
cmsyr25pe0022v3ts4dujvfpg,"Cooperative Society Director - Battu Yadagiri",919848010010,2026-08-18T14:20:15.843Z
cmsyr25v90023v3ts7mtyqlho,"Agriculture Extension Officer - Vangala Anjaiah",919848010011,2026-08-18T14:20:16.053Z
cmsyr261a0024v3tsrsm4j32q,"Veterinary Hospital Assistant - Komatireddy Shankar",919848010012,2026-08-18T14:20:16.271Z
cmsyr26720025v3tsws1mu11t,"Public Works Department Officer - Ubbu Chandraiah",919848010013,2026-08-18T14:20:16.479Z
cmsyr26cq0026v3ts6iojsv5u,"Anganwadi Sector Supervisor - Venreddy Lingaiah",919848010014,2026-08-18T14:20:16.683Z
cmsyr26or0027v3tsrpg5ekbv,"Primary Health Center Medical Officer - Boya Gopal",919848010015,2026-08-18T14:20:17.116Z
cmsyr270x0028v3tsnapudb4e,"Asha Health Worker Incharge - Bakkathatla Rajesh",919848010016,2026-08-18T14:20:17.553Z
cmsyr276t0029v3tscabpp2m4,"Village Revenue Assistant VRA - Dondapati Balu",919848010017,2026-08-18T14:20:17.766Z
cmsyr27dh002av3tsnkjavv90,"Irrigation Department Assistant - Gode Goud",919848010018,2026-08-18T14:20:18.005Z
cmsyr27p8002cv3tsq90vtdlx,"Police Sub-Inspector - Gande Rao",919848010020,2026-08-18T14:20:18.428Z
cmsyr27ux002dv3ts6n21gnsu,"Police Assistant Sub-Inspector - Chintala Gupta",919848010021,2026-08-18T14:20:18.633Z
cmsyr280p002ev3tsnod4tpvg,"Police Head Constable - Gutta Kumar",919848010022,2026-08-18T14:20:18.841Z
cmsyr286g002fv3tswba37kvu,"Revenue Inspector - Chilukuri Prasad",919848010023,2026-08-18T14:20:19.049Z
cmsyr28ca002gv3tsrjovvy58,"Senior Revenue Assistant - Koyyada Shekhar",919848010024,2026-08-18T14:20:19.258Z
cmsyr28i6002hv3ts4c52y0hu,"Junior Revenue Assistant - Gangapuram Venu",919848010025,2026-08-18T14:20:19.471Z
cmsyr28o3002iv3tsfgtxkelq,"Electricity Line Inspector - Rikkala Chary",919848010026,2026-08-18T14:20:19.684Z
cmsyr28tw002jv3tsnuvq488n,"Electrical Assistant Engineer - Nalla Nayak",919848010027,2026-08-18T14:20:19.893Z
cmsyr28zq002kv3ts64mvty8r,"Panchayati Raj Field Officer - Katakam Mallaiah",919848010028,2026-08-18T14:20:20.103Z
cmsyr295k002lv3tsmfdf5ha2,"Gram Panchayat Ward Member - Survi Narsimha",919848010029,2026-08-18T14:20:20.312Z
cmsyr29bd002mv3tsqenmup7t,"Cooperative Society Director - Poloju Srinivas",919848010030,2026-08-18T14:20:20.521Z
cmsyr29h8002nv3tswjnmt6da,"Agriculture Extension Officer - Guddati Venkatesh",919848010031,2026-08-18T14:20:20.732Z
cmsyr29n1002ov3ts8stoiwio,"Veterinary Hospital Assistant - Beerla Bhikshapathi",919848010032,2026-08-18T14:20:20.942Z
cmsyr29ss002pv3tscoezx4wz,"Public Works Department Officer - Taduri Satyanarayana",919848010033,2026-08-18T14:20:21.148Z
cmsyr29yx002qv3tsox5bf9u8,"Anganwadi Sector Supervisor - Marri Ravinder",919848010034,2026-08-18T14:20:21.369Z
cmsyr2a4u002rv3tsiapqtk3l,"Primary Health Center Medical Officer - Pulugari Mahendar",919848010035,2026-08-18T14:20:21.583Z
cmsyr2aap002sv3tssk8zov2k,"Asha Health Worker Incharge - Bairikonda Ramesh",919848010036,2026-08-18T14:20:21.793Z
cmsyr2agg002tv3ts7roysm0s,"Village Revenue Assistant VRA - Palle Suresh",919848010037,2026-08-18T14:20:22.001Z
cmsyr2am4002uv3tsi2lxn999,"Irrigation Department Assistant - Bandari Yadagiri",919848010038,2026-08-18T14:20:22.204Z
cmsyr2aru002vv3tsq0a3csjd,"Handloom Officers Association Director - Battu Anjaiah",919848010039,2026-08-18T14:20:22.411Z
cmsyr2b3v002wv3tsi1rpepey,"Police Sub-Inspector - Vangala Shankar",919848010040,2026-08-18T14:20:22.843Z
cmsyr2bad002xv3tssqe8c4b1,"Police Assistant Sub-Inspector - Komatireddy Chandraiah",919848010041,2026-08-18T14:20:23.077Z
cmsyr2bg5002yv3tstp1lzu7c,"Police Head Constable - Ubbu Lingaiah",919848010042,2026-08-18T14:20:23.286Z
cmsyr2blw002zv3tsvypd1l9x,"Revenue Inspector - Venreddy Gopal",919848010043,2026-08-18T14:20:23.492Z
cmsyr2brl0030v3ts9yuglrjn,"Senior Revenue Assistant - Boya Rajesh",919848010044,2026-08-18T14:20:23.698Z
cmsyr2bxd0031v3tsqdostb5z,"Junior Revenue Assistant - Bakkathatla Balu",919848010045,2026-08-18T14:20:23.906Z
cmsyr2c9l0032v3ts4hgnuvh5,"Electricity Line Inspector - Dondapati Goud",919848010046,2026-08-18T14:20:24.345Z
cmsyr2cf80033v3tsbmx30lky,"Electrical Assistant Engineer - Gode Reddy",919848010047,2026-08-18T14:20:24.548Z
cmsyr2czs0035v3tsrsrxgbcp,"Gram Panchayat Ward Member - Gande Gupta",919848010049,2026-08-18T14:20:25.288Z
cmsyr2d5i0036v3tswmyvkzoo,"Cooperative Society Director - Chintala Kumar",919848010050,2026-08-18T14:20:25.495Z
cmsyr2dhp0037v3ts3pjrvdel,"Agriculture Extension Officer - Gutta Prasad",919848010051,2026-08-18T14:20:25.933Z
cmsyr2dng0038v3tsm40gbic7,"Veterinary Hospital Assistant - Chilukuri Shekhar",919848010052,2026-08-18T14:20:26.140Z
cmsyr2dt20039v3tsyiwybseu,"Public Works Department Officer - Koyyada Venu",919848010053,2026-08-18T14:20:26.342Z
cmsyr2dyr003av3tsz33zl3yt,"Anganwadi Sector Supervisor - Gangapuram Chary",919848010054,2026-08-18T14:20:26.547Z
cmt4160jt009av3ccicam8d9w,"Junior Revenue Assistant - Vangala Suresh",+919848010765,2026-08-22T07:02:02.825Z
cmsyr2ea9003cv3tsiv7pyh4c,"Asha Health Worker Incharge - Nalla Mallaiah",919848010056,2026-08-18T14:20:26.962Z
cmsyr2efr003dv3tsygduo7bx,"Village Revenue Assistant VRA - Katakam Narsimha",919848010057,2026-08-18T14:20:27.159Z
cmsyr2el8003ev3ts85cfctin,"Irrigation Department Assistant - Survi Srinivas",919848010058,2026-08-18T14:20:27.357Z
cmsyr2eqv003fv3tswd5fdtpy,"Handloom Officers Association Director - Poloju Venkatesh",919848010059,2026-08-18T14:20:27.560Z
cmsyr2ewd003gv3tsk96y2s8h,"Police Sub-Inspector - Guddati Bhikshapathi",919848010060,2026-08-18T14:20:27.758Z
cmsyr2f1u003hv3tsa7s7lreg,"Police Assistant Sub-Inspector - Beerla Satyanarayana",919848010061,2026-08-18T14:20:27.954Z
cmsyr2f7c003iv3ts7wi78amp,"Police Head Constable - Taduri Ravinder",919848010062,2026-08-18T14:20:28.153Z
cmsyr2fct003jv3tss5bft564,"Revenue Inspector - Marri Mahendar",919848010063,2026-08-18T14:20:28.349Z
cmsyr2fia003kv3tsvpnegg4j,"Senior Revenue Assistant - Pulugari Ramesh",919848010064,2026-08-18T14:20:28.546Z
cmsyr2fnt003lv3tsm8o89s31,"Junior Revenue Assistant - Bairikonda Suresh",919848010065,2026-08-18T14:20:28.745Z
cmsyr2fzu003mv3ts4vz18qpz,"Electricity Line Inspector - Palle Yadagiri",919848010066,2026-08-18T14:20:29.178Z
cmsyr2gc8003nv3ts98ent0z7,"Electrical Assistant Engineer - Bandari Anjaiah",919848010067,2026-08-18T14:20:29.605Z
cmsyr2giw003ov3tskhlxtkke,"Panchayati Raj Field Officer - Battu Shankar",919848010068,2026-08-18T14:20:29.865Z
cmsyr2gob003pv3ts8sw127jb,"Gram Panchayat Ward Member - Vangala Chandraiah",919848010069,2026-08-18T14:20:30.059Z
cmsyr2gtr003qv3ts44bovf4q,"Cooperative Society Director - Komatireddy Lingaiah",919848010070,2026-08-18T14:20:30.255Z
cmsyr2gz9003rv3tse9e7zqp6,"Agriculture Extension Officer - Ubbu Gopal",919848010071,2026-08-18T14:20:30.454Z
cmsyr2h4l003sv3tsifck44rc,"Veterinary Hospital Assistant - Venreddy Rajesh",919848010072,2026-08-18T14:20:30.646Z
cmsyr2ha8003tv3tsbpiw6071,"Public Works Department Officer - Boya Balu",919848010073,2026-08-18T14:20:30.849Z
cmsyr2hh9003uv3ts0eby2zro,"Anganwadi Sector Supervisor - Bakkathatla Goud",919848010074,2026-08-18T14:20:31.102Z
cmsyr2hse003wv3ts6p0f3txk,"Asha Health Worker Incharge - Gode Rao",919848010076,2026-08-18T14:20:31.502Z
cmsyr2hy0003xv3tsbewdg3sg,"Village Revenue Assistant VRA - Nandikanti Gupta",919848010077,2026-08-18T14:20:31.704Z
cmsyr2i3m003yv3tslnafrvk5,"Irrigation Department Assistant - Gande Kumar",919848010078,2026-08-18T14:20:31.906Z
cmsyr2i9k003zv3tsd1kiryw9,"Handloom Officers Association Director - Chintala Prasad",919848010079,2026-08-18T14:20:32.121Z
cmsyr2ifc0040v3tsbk15qolj,"Police Sub-Inspector - Gutta Shekhar",919848010080,2026-08-18T14:20:32.329Z
cmsyr2il30041v3ts8li5153q,"Police Assistant Sub-Inspector - Chilukuri Venu",919848010081,2026-08-18T14:20:32.535Z
cmsyr2iqt0042v3tsdv1p7i7x,"Police Head Constable - Koyyada Chary",919848010082,2026-08-18T14:20:32.742Z
cmsyr2iwi0043v3tsncpozzq4,"Revenue Inspector - Gangapuram Nayak",919848010083,2026-08-18T14:20:32.947Z
cmsyr2j240044v3ts4gdmffve,"Senior Revenue Assistant - Rikkala Mallaiah",919848010084,2026-08-18T14:20:33.148Z
cmsyr2j860045v3tsjxuwp74s,"Junior Revenue Assistant - Nalla Narsimha",919848010085,2026-08-18T14:20:33.366Z
cmsyr2jdz0046v3tsz6eipvum,"Electricity Line Inspector - Katakam Srinivas",919848010086,2026-08-18T14:20:33.575Z
cmsyr2jjn0047v3tsv1ypoz7e,"Electrical Assistant Engineer - Survi Venkatesh",919848010087,2026-08-18T14:20:33.780Z
cmsyr2jrj0048v3tsg4jogifk,"Panchayati Raj Field Officer - Poloju Bhikshapathi",919848010088,2026-08-18T14:20:34.064Z
cmsyr2k350049v3tsylaz7c7j,"Gram Panchayat Ward Member - Guddati Satyanarayana",919848010089,2026-08-18T14:20:34.481Z
cmsyr2k99004av3tsd5k38gd3,"Cooperative Society Director - Beerla Ravinder",919848010090,2026-08-18T14:20:34.701Z
cmt4160qf009cv3cc8mm1426l,"Revenue Inspector - Bandari Mahendar",+919848010763,2026-08-22T07:02:03.063Z
cmsyr2kkt004cv3tsj77982p6,"Veterinary Hospital Assistant - Marri Ramesh",919848010092,2026-08-18T14:20:35.117Z
cmsyr2kq8004dv3tsdrulg8uj,"Public Works Department Officer - Pulugari Suresh",919848010093,2026-08-18T14:20:35.313Z
cmsyr2l1z004ev3tsp7eebslp,"Anganwadi Sector Supervisor - Bairikonda Yadagiri",919848010094,2026-08-18T14:20:35.735Z
cmsyr2l7h004fv3tsexwwcszx,"Primary Health Center Medical Officer - Palle Anjaiah",919848010095,2026-08-18T14:20:35.933Z
cmsyr2ldi004gv3tsjau5tzbf,"Asha Health Worker Incharge - Bandari Shankar",919848010096,2026-08-18T14:20:36.151Z
cmsyr2lj3004hv3tshx89j2oq,"Village Revenue Assistant VRA - Battu Chandraiah",919848010097,2026-08-18T14:20:36.352Z
cmsyr2lol004iv3tsb6f88h30,"Irrigation Department Assistant - Vangala Lingaiah",919848010098,2026-08-18T14:20:36.549Z
cmsyr2m07004jv3ts25w4i2o9,"Handloom Officers Association Director - Komatireddy Gopal",919848010099,2026-08-18T14:20:36.968Z
cmsyr2m5p004kv3tstjjiwk13,"Police Sub-Inspector - Ubbu Rajesh",919848010100,2026-08-18T14:20:37.165Z
cmsyr2mb3004lv3tsz5a771fz,"Police Assistant Sub-Inspector - Venreddy Balu",919848010101,2026-08-18T14:20:37.360Z
cmsyr2mgj004mv3tsa510ylny,"Police Head Constable - Boya Goud",919848010102,2026-08-18T14:20:37.556Z
cmsyr2mmo004nv3tsqftrufpb,"Revenue Inspector - Bakkathatla Reddy",919848010103,2026-08-18T14:20:37.776Z
cmsyr2msc004ov3tsmdyll479,"Senior Revenue Assistant - Dondapati Rao",919848010104,2026-08-18T14:20:37.980Z
cmsyr2n4b004pv3ts52kiqeaq,"Junior Revenue Assistant - Gode Gupta",919848010105,2026-08-18T14:20:38.412Z
cmsyr2na2004qv3tsgvxevu0p,"Electricity Line Inspector - Nandikanti Kumar",919848010106,2026-08-18T14:20:38.619Z
cmsyr2nlq004rv3ts9ba1bom5,"Electrical Assistant Engineer - Gande Prasad",919848010107,2026-08-18T14:20:39.038Z
cmsyr2nwx004tv3ts0k1j2a62,"Gram Panchayat Ward Member - Gutta Venu",919848010109,2026-08-18T14:20:39.441Z
cmsyr2o2f004uv3tsf4rzt5qo,"Cooperative Society Director - Chilukuri Chary",919848010110,2026-08-18T14:20:39.640Z
cmsyr2o81004vv3tswwh2r6rd,"Agriculture Extension Officer - Koyyada Nayak",919848010111,2026-08-18T14:20:39.841Z
cmsyr2odh004wv3tsfhtvjo9i,"Veterinary Hospital Assistant - Gangapuram Mallaiah",919848010112,2026-08-18T14:20:40.038Z
cmsyr2oiz004xv3tsmwfdqm3m,"Public Works Department Officer - Rikkala Narsimha",919848010113,2026-08-18T14:20:40.235Z
cmsyr2oox004yv3tss3fj0o5a,"Anganwadi Sector Supervisor - Nalla Srinivas",919848010114,2026-08-18T14:20:40.449Z
cmsyr2ouf004zv3tsm5d0d44z,"Primary Health Center Medical Officer - Katakam Venkatesh",919848010115,2026-08-18T14:20:40.648Z
cmsyr2p1v0050v3tsnnw6319f,"Asha Health Worker Incharge - Survi Bhikshapathi",919848010116,2026-08-18T14:20:40.915Z
cmsyr2p880051v3tsg0jp4o8x,"Village Revenue Assistant VRA - Poloju Satyanarayana",919848010117,2026-08-18T14:20:41.145Z
cmsyr2pl80052v3tswqrd0245,"Irrigation Department Assistant - Guddati Ravinder",919848010118,2026-08-18T14:20:41.612Z
cmsyr2pqz0053v3tstzpxharu,"Handloom Officers Association Director - Beerla Mahendar",919848010119,2026-08-18T14:20:41.820Z
cmsyr2pwk0054v3tsa9ocfc0m,"Police Sub-Inspector - Taduri Ramesh",919848010120,2026-08-18T14:20:42.020Z
cmsyr2q220055v3tsaav7jhmi,"Police Assistant Sub-Inspector - Marri Suresh",919848010121,2026-08-18T14:20:42.218Z
cmsyr2q7q0056v3tsa0sll7dw,"Police Head Constable - Pulugari Yadagiri",919848010122,2026-08-18T14:20:42.422Z
cmsyr2qdt0057v3ts109951f9,"Revenue Inspector - Bairikonda Anjaiah",919848010123,2026-08-18T14:20:42.641Z
cmsyr2qkn0058v3tsbemw14uz,"Senior Revenue Assistant - Palle Shankar",919848010124,2026-08-18T14:20:42.887Z
cmsyr2qqf0059v3tsjm6puf7r,"Junior Revenue Assistant - Bandari Chandraiah",919848010125,2026-08-18T14:20:43.095Z
cmsyr2qwg005av3tse7r91diw,"Electricity Line Inspector - Battu Lingaiah",919848010126,2026-08-18T14:20:43.312Z
cmsyr2rk1005cv3tsp4o10bkx,"Panchayati Raj Field Officer - Komatireddy Rajesh",919848010128,2026-08-18T14:20:44.162Z
cmsyr2rza005dv3tsmvfd888a,"Gram Panchayat Ward Member - Ubbu Balu",919848010129,2026-08-18T14:20:44.667Z
cmsyr2s53005ev3ts554cp32s,"Cooperative Society Director - Venreddy Goud",919848010130,2026-08-18T14:20:44.919Z
cmsyr2sam005fv3tsp2llx1sh,"Agriculture Extension Officer - Boya Reddy",919848010131,2026-08-18T14:20:45.118Z
cmsyr2sh0005gv3ts0ptk511z,"Veterinary Hospital Assistant - Bakkathatla Rao",919848010132,2026-08-18T14:20:45.349Z
cmsyr2smi005hv3ts13u17ql7,"Public Works Department Officer - Dondapati Gupta",919848010133,2026-08-18T14:20:45.546Z
cmsyr2srx005iv3tsotwstoxx,"Anganwadi Sector Supervisor - Gode Kumar",919848010134,2026-08-18T14:20:45.742Z
cmsyr2sxe005jv3tsza23ij91,"Primary Health Center Medical Officer - Nandikanti Prasad",919848010135,2026-08-18T14:20:45.939Z
cmsyr2t2z005kv3tsn7m0gj5n,"Asha Health Worker Incharge - Gande Shekhar",919848010136,2026-08-18T14:20:46.139Z
cmsyr2t8g005lv3ts5xartbju,"Village Revenue Assistant VRA - Chintala Venu",919848010137,2026-08-18T14:20:46.336Z
cmsyr2tdz005mv3tskt881psl,"Irrigation Department Assistant - Gutta Chary",919848010138,2026-08-18T14:20:46.535Z
cmsyr2tjj005nv3tscd157ff5,"Handloom Officers Association Director - Chilukuri Nayak",919848010139,2026-08-18T14:20:46.735Z
cmsyr2u1e005ov3tsmyc2337d,"Police Sub-Inspector - Koyyada Mallaiah",919848010140,2026-08-18T14:20:47.379Z
cmsyr2u70005pv3ts6rgnqrke,"Police Assistant Sub-Inspector - Gangapuram Narsimha",919848010141,2026-08-18T14:20:47.581Z
cmsyr2uco005qv3tso8jm2m7d,"Police Head Constable - Rikkala Srinivas",919848010142,2026-08-18T14:20:47.785Z
cmsyr2uic005rv3tsr3a5802l,"Revenue Inspector - Nalla Venkatesh",919848010143,2026-08-18T14:20:47.988Z
cmsyr2unw005sv3tse4j0w7ot,"Senior Revenue Assistant - Katakam Bhikshapathi",919848010144,2026-08-18T14:20:48.189Z
cmsyr2utm005tv3tsx4yi6yal,"Junior Revenue Assistant - Survi Satyanarayana",919848010145,2026-08-18T14:20:48.394Z
cmsyr2uza005uv3tsy03s6is6,"Electricity Line Inspector - Poloju Ravinder",919848010146,2026-08-18T14:20:48.598Z
cmsyr2vam005wv3tsfod76s5l,"Panchayati Raj Field Officer - Beerla Ramesh",919848010148,2026-08-18T14:20:49.006Z
cmsyr2vga005xv3tsh5qgj6qb,"Gram Panchayat Ward Member - Taduri Suresh",919848010149,2026-08-18T14:20:49.210Z
cmsyr2vm1005yv3ts0j18jshn,"Cooperative Society Director - Marri Yadagiri",919848010150,2026-08-18T14:20:49.417Z
cmsyr2vrz005zv3tsiid61hzc,"Agriculture Extension Officer - Pulugari Anjaiah",919848010151,2026-08-18T14:20:49.631Z
cmsyr2vy70060v3tsoqsv6sv3,"Veterinary Hospital Assistant - Bairikonda Shankar",919848010152,2026-08-18T14:20:49.855Z
cmsyr2w440061v3tssv9peqya,"Public Works Department Officer - Palle Chandraiah",919848010153,2026-08-18T14:20:50.068Z
cmsyr2w9t0062v3ts5xh88o90,"Anganwadi Sector Supervisor - Bandari Lingaiah",919848010154,2026-08-18T14:20:50.273Z
cmsyr2wfm0063v3tsf8zqpz5z,"Primary Health Center Medical Officer - Battu Gopal",919848010155,2026-08-18T14:20:50.482Z
cmsyr2wlf0064v3tsu8wdiaei,"Asha Health Worker Incharge - Vangala Rajesh",919848010156,2026-08-18T14:20:50.691Z
cmsyr2wr50065v3tsirex63my,"Village Revenue Assistant VRA - Komatireddy Balu",919848010157,2026-08-18T14:20:50.898Z
cmsyr2wwx0066v3tsn7tli984,"Irrigation Department Assistant - Ubbu Goud",919848010158,2026-08-18T14:20:51.106Z
cmsyr2x2r0067v3tsu1fpf1h9,"Handloom Officers Association Director - Venreddy Reddy",919848010159,2026-08-18T14:20:51.315Z
cmsyr2x8o0068v3tsgdk2kzl1,"Police Sub-Inspector - Boya Rao",919848010160,2026-08-18T14:20:51.529Z
cmsyr2xej0069v3tshuhj2hbc,"Police Assistant Sub-Inspector - Bakkathatla Gupta",919848010161,2026-08-18T14:20:51.739Z
cmsyr2xk8006av3tsieq10hwx,"Police Head Constable - Dondapati Kumar",919848010162,2026-08-18T14:20:51.944Z
cmt41610k009fv3ccjrkoj5kh,"Police Sub-Inspector - Pulugari Bhikshapathi",+919848010760,2026-08-22T07:02:03.428Z
cmsyr2xvr006cv3tsjrfwbqnk,"Senior Revenue Assistant - Nandikanti Shekhar",919848010164,2026-08-18T14:20:52.359Z
cmsyr2y1n006dv3tshb1je0i2,"Junior Revenue Assistant - Gande Venu",919848010165,2026-08-18T14:20:52.572Z
cmsyr2y7c006ev3tshqaqoysq,"Electricity Line Inspector - Chintala Chary",919848010166,2026-08-18T14:20:52.777Z
cmsyr2yd6006fv3ts1bpzxo1w,"Electrical Assistant Engineer - Gutta Nayak",919848010167,2026-08-18T14:20:52.986Z
cmsyr2yj2006gv3tsyma4dn07,"Panchayati Raj Field Officer - Chilukuri Mallaiah",919848010168,2026-08-18T14:20:53.198Z
cmsyr2yor006hv3tssdr7jlc8,"Gram Panchayat Ward Member - Koyyada Narsimha",919848010169,2026-08-18T14:20:53.403Z
cmsyr2yuf006iv3tskzzbnr93,"Cooperative Society Director - Gangapuram Srinivas",919848010170,2026-08-18T14:20:53.608Z
cmsyr2z06006jv3tse0omhe3h,"Agriculture Extension Officer - Rikkala Venkatesh",919848010171,2026-08-18T14:20:53.814Z
cmsyr2z5w006kv3tsv8rm6dys,"Veterinary Hospital Assistant - Nalla Bhikshapathi",919848010172,2026-08-18T14:20:54.020Z
cmsyr2zbo006lv3ts23a884x1,"Public Works Department Officer - Katakam Satyanarayana",919848010173,2026-08-18T14:20:54.229Z
cmsyr2zhi006mv3tsysnnactf,"Anganwadi Sector Supervisor - Survi Ravinder",919848010174,2026-08-18T14:20:54.438Z
cmsyr2ztl006nv3tse5ix26op,"Primary Health Center Medical Officer - Poloju Mahendar",919848010175,2026-08-18T14:20:54.874Z
cmsyr305i006ov3tsmy38oefm,"Asha Health Worker Incharge - Guddati Ramesh",919848010176,2026-08-18T14:20:55.302Z
cmsyr30b8006pv3tsqz13bg7m,"Village Revenue Assistant VRA - Beerla Suresh",919848010177,2026-08-18T14:20:55.509Z
cmsyr30mv006rv3tsvt7dlc2z,"Handloom Officers Association Director - Marri Anjaiah",919848010179,2026-08-18T14:20:55.928Z
cmsyr30ys006sv3tsojsh9up0,"Police Sub-Inspector - Pulugari Shankar",919848010180,2026-08-18T14:20:56.356Z
cmsyr314j006tv3tstqeqdww7,"Police Assistant Sub-Inspector - Bairikonda Chandraiah",919848010181,2026-08-18T14:20:56.563Z
cmsyr31aj006uv3ts1u7ez6ri,"Police Head Constable - Palle Lingaiah",919848010182,2026-08-18T14:20:56.779Z
cmsyr31ga006vv3ts57b5viyi,"Revenue Inspector - Bandari Gopal",919848010183,2026-08-18T14:20:56.986Z
cmsyr31lz006wv3ts14eco3et,"Senior Revenue Assistant - Battu Rajesh",919848010184,2026-08-18T14:20:57.191Z
cmsyr31rt006xv3tse9y3xbis,"Junior Revenue Assistant - Vangala Balu",919848010185,2026-08-18T14:20:57.402Z
cmsyr3250006zv3ts4uka6k8i,"Electrical Assistant Engineer - Ubbu Reddy",919848010187,2026-08-18T14:20:57.877Z
cmsyr32at0070v3ts6drtq0zq,"Panchayati Raj Field Officer - Venreddy Rao",919848010188,2026-08-18T14:20:58.085Z
cmsyr32gi0071v3tsqj2twuaf,"Gram Panchayat Ward Member - Boya Gupta",919848010189,2026-08-18T14:20:58.290Z
cmsyr32m90072v3ts9deu1wlr,"Cooperative Society Director - Bakkathatla Kumar",919848010190,2026-08-18T14:20:58.497Z
cmsyr32rw0073v3tsrgpzbw4e,"Agriculture Extension Officer - Dondapati Prasad",919848010191,2026-08-18T14:20:58.700Z
cmsyr333x0074v3tsyh3mbitr,"Veterinary Hospital Assistant - Gode Shekhar",919848010192,2026-08-18T14:20:59.134Z
cmsyr339m0075v3tsfcxzvu2x,"Public Works Department Officer - Nandikanti Venu",919848010193,2026-08-18T14:20:59.338Z
cmsyr33fd0076v3tsmyrsqir3,"Anganwadi Sector Supervisor - Gande Chary",919848010194,2026-08-18T14:20:59.546Z
cmsyr33rz0077v3tspnlrglax,"Primary Health Center Medical Officer - Chintala Nayak",919848010195,2026-08-18T14:20:59.979Z
cmsyr33xs0078v3ts8a8gn2vg,"Asha Health Worker Incharge - Gutta Mallaiah",919848010196,2026-08-18T14:21:00.208Z
cmsyr343l0079v3tsk71199lr,"Village Revenue Assistant VRA - Chilukuri Narsimha",919848010197,2026-08-18T14:21:00.418Z
cmsyr349d007av3ts0tpqn1nj,"Irrigation Department Assistant - Koyyada Srinivas",919848010198,2026-08-18T14:21:00.626Z
cmsyr34kw007cv3tsezaj81fm,"Police Sub-Inspector - Rikkala Bhikshapathi",919848010200,2026-08-18T14:21:01.041Z
cmsyr34qn007dv3ts9gw7uz1l,"Police Assistant Sub-Inspector - Nalla Satyanarayana",919848010201,2026-08-18T14:21:01.248Z
cmsyr34wd007ev3tslntcb9o5,"Police Head Constable - Katakam Ravinder",919848010202,2026-08-18T14:21:01.453Z
cmsyr358f007fv3tsaris8cji,"Revenue Inspector - Survi Mahendar",919848010203,2026-08-18T14:21:01.888Z
cmsyr35e8007gv3tsj23c7sh9,"Senior Revenue Assistant - Poloju Ramesh",919848010204,2026-08-18T14:21:02.096Z
cmsyr35k0007hv3tsi91yliph,"Junior Revenue Assistant - Guddati Suresh",919848010205,2026-08-18T14:21:02.304Z
cmsyr35pr007iv3tsuqfruh43,"Electricity Line Inspector - Beerla Yadagiri",919848010206,2026-08-18T14:21:02.511Z
cmsyr35vf007jv3tsq07kden2,"Electrical Assistant Engineer - Taduri Anjaiah",919848010207,2026-08-18T14:21:02.716Z
cmsyr367e007kv3tsl58ha67w,"Panchayati Raj Field Officer - Marri Shankar",919848010208,2026-08-18T14:21:03.147Z
cmsyr36d4007lv3tscshoeixv,"Gram Panchayat Ward Member - Pulugari Chandraiah",919848010209,2026-08-18T14:21:03.353Z
cmsyr36ix007mv3tsqq9wmt6u,"Cooperative Society Director - Bairikonda Lingaiah",919848010210,2026-08-18T14:21:03.561Z
cmsyr36uu007nv3tsleqbo4bl,"Agriculture Extension Officer - Palle Gopal",919848010211,2026-08-18T14:21:03.990Z
cmsyr370n007ov3tsafsg67u5,"Veterinary Hospital Assistant - Bandari Rajesh",919848010212,2026-08-18T14:21:04.199Z
cmsyr376e007pv3ts1rv6y6gk,"Public Works Department Officer - Battu Balu",919848010213,2026-08-18T14:21:04.407Z
cmsyr37c6007qv3ts939dobff,"Anganwadi Sector Supervisor - Vangala Goud",919848010214,2026-08-18T14:21:04.615Z
cmsyr37hx007rv3tsj83fro4v,"Primary Health Center Medical Officer - Komatireddy Reddy",919848010215,2026-08-18T14:21:04.822Z
cmsyr37nq007sv3tsncb9sfkx,"Asha Health Worker Incharge - Ubbu Rao",919848010216,2026-08-18T14:21:05.030Z
cmsyr37tg007tv3tsyqlmpw9k,"Village Revenue Assistant VRA - Venreddy Gupta",919848010217,2026-08-18T14:21:05.236Z
cmsyr37z5007uv3ts4f5d8qgp,"Irrigation Department Assistant - Boya Kumar",919848010218,2026-08-18T14:21:05.441Z
cmsyr384u007vv3tszrcxp7y5,"Handloom Officers Association Director - Bakkathatla Prasad",919848010219,2026-08-18T14:21:05.646Z
cmsyr38ak007wv3ts48bhkcrt,"Police Sub-Inspector - Dondapati Shekhar",919848010220,2026-08-18T14:21:05.853Z
cmsyr38gc007xv3tsuc48trth,"Police Assistant Sub-Inspector - Gode Venu",919848010221,2026-08-18T14:21:06.060Z
cmsyr38m3007yv3tsaj8iktjq,"Police Head Constable - Nandikanti Chary",919848010222,2026-08-18T14:21:06.268Z
cmsyr38rx007zv3tseqjxfmra,"Revenue Inspector - Gande Nayak",919848010223,2026-08-18T14:21:06.477Z
cmsyr38xn0080v3tsd5lv8lbj,"Senior Revenue Assistant - Chintala Mallaiah",919848010224,2026-08-18T14:21:06.684Z
cmsyr393m0081v3ts5dgqpdhm,"Junior Revenue Assistant - Gutta Narsimha",919848010225,2026-08-18T14:21:06.899Z
cmsyr39f10083v3tstx9m6r79,"Electrical Assistant Engineer - Koyyada Venkatesh",919848010227,2026-08-18T14:21:07.309Z
cmsyr39kw0084v3ts8n9d39yp,"Panchayati Raj Field Officer - Gangapuram Bhikshapathi",919848010228,2026-08-18T14:21:07.520Z
cmsyr39qp0085v3ts4ny71w4a,"Gram Panchayat Ward Member - Rikkala Satyanarayana",919848010229,2026-08-18T14:21:07.729Z
cmsyr39wg0086v3tsyjmeasr1,"Cooperative Society Director - Nalla Ravinder",919848010230,2026-08-18T14:21:07.937Z
cmsyr3a250087v3tsfc09uunl,"Agriculture Extension Officer - Katakam Mahendar",919848010231,2026-08-18T14:21:08.142Z
cmsyr3a7w0088v3tsmi1c7qsw,"Veterinary Hospital Assistant - Survi Ramesh",919848010232,2026-08-18T14:21:08.348Z
cmsyr3adm0089v3tsnkzs136m,"Public Works Department Officer - Poloju Suresh",919848010233,2026-08-18T14:21:08.554Z
cmsyr3ajc008av3tspj7m5y5i,"Anganwadi Sector Supervisor - Guddati Yadagiri",919848010234,2026-08-18T14:21:08.760Z
cmt4161aj009iv3cc5dszwbgi,"Village Revenue Assistant VRA - Beerla Narsimha",+919848010757,2026-08-22T07:02:03.788Z
cmsyr3b0y008cv3tscrlty64h,"Asha Health Worker Incharge - Taduri Shankar",919848010236,2026-08-18T14:21:09.395Z
cmsyr3b6n008dv3ts8s8rxmxn,"Village Revenue Assistant VRA - Marri Chandraiah",919848010237,2026-08-18T14:21:09.599Z
cmsyr3bcc008ev3tsfrdkp94w,"Irrigation Department Assistant - Pulugari Lingaiah",919848010238,2026-08-18T14:21:09.805Z
cmsyr3bi8008fv3tsw6onkx4t,"Handloom Officers Association Director - Bairikonda Gopal",919848010239,2026-08-18T14:21:10.016Z
cmsyr3bo6008gv3tsfzx7dlap,"Police Sub-Inspector - Palle Rajesh",919848010240,2026-08-18T14:21:10.230Z
cmsyr3btz008hv3ts8myp7iye,"Police Assistant Sub-Inspector - Bandari Balu",919848010241,2026-08-18T14:21:10.440Z
cmsyr3c03008iv3tsgpo7xih7,"Police Head Constable - Battu Goud",919848010242,2026-08-18T14:21:10.659Z
cmsyr3c6s008jv3tswgzuxwx1,"Revenue Inspector - Vangala Reddy",919848010243,2026-08-18T14:21:10.900Z
cmsyr3ccs008kv3tsn3wz3r0g,"Senior Revenue Assistant - Komatireddy Rao",919848010244,2026-08-18T14:21:11.117Z
cmsyr3cio008lv3tsp2gbbhml,"Junior Revenue Assistant - Ubbu Gupta",919848010245,2026-08-18T14:21:11.328Z
cmsyr3cvf008mv3ts9nwze553,"Electricity Line Inspector - Venreddy Kumar",919848010246,2026-08-18T14:21:11.787Z
cmsyr3d1a008nv3tslripce0x,"Electrical Assistant Engineer - Boya Prasad",919848010247,2026-08-18T14:21:11.999Z
cmsyr3d74008ov3ts70mjjehl,"Panchayati Raj Field Officer - Bakkathatla Shekhar",919848010248,2026-08-18T14:21:12.208Z
cmsyr3dd4008pv3tso47l0ou9,"Gram Panchayat Ward Member - Dondapati Venu",919848010249,2026-08-18T14:21:12.425Z
cmsyr3djy008qv3tsoeevr8bq,"Cooperative Society Director - Gode Chary",919848010250,2026-08-18T14:21:12.670Z
cmsyr3dpn008rv3tsm0t3qodg,"Agriculture Extension Officer - Nandikanti Nayak",919848010251,2026-08-18T14:21:12.876Z
cmsyr3dvo008sv3tsxzt8oaxy,"Veterinary Hospital Assistant - Gande Mallaiah",919848010252,2026-08-18T14:21:13.093Z
cmsyr3e1i008tv3tsu8agx8cr,"Public Works Department Officer - Chintala Narsimha",919848010253,2026-08-18T14:21:13.302Z
cmsyr3e7d008uv3tsmg6zwneq,"Anganwadi Sector Supervisor - Gutta Srinivas",919848010254,2026-08-18T14:21:13.513Z
cmsyr3ed4008vv3tsdg537zgf,"Primary Health Center Medical Officer - Chilukuri Venkatesh",919848010255,2026-08-18T14:21:13.720Z
cmsyr3eiv008wv3tsyddn9tcy,"Asha Health Worker Incharge - Koyyada Bhikshapathi",919848010256,2026-08-18T14:21:13.927Z
cmsyr3eop008xv3tsgqomz0g5,"Village Revenue Assistant VRA - Gangapuram Satyanarayana",919848010257,2026-08-18T14:21:14.137Z
cmsyr3eub008yv3ts983uoy9m,"Irrigation Department Assistant - Rikkala Ravinder",919848010258,2026-08-18T14:21:14.339Z
cmsyr3ezy008zv3tslibjvw6r,"Handloom Officers Association Director - Nalla Mahendar",919848010259,2026-08-18T14:21:14.543Z
cmsyr3f5q0090v3tscabqpqxv,"Police Sub-Inspector - Katakam Ramesh",919848010260,2026-08-18T14:21:14.751Z
cmsyr3fbk0091v3tsbsk9ghws,"Police Assistant Sub-Inspector - Survi Suresh",919848010261,2026-08-18T14:21:14.960Z
cmsyr3fis0092v3ts0sjzxjd8,"Police Head Constable - Poloju Yadagiri",919848010262,2026-08-18T14:21:15.221Z
cmsyr3foh0093v3tsxb89yp1d,"Revenue Inspector - Guddati Anjaiah",919848010263,2026-08-18T14:21:15.426Z
cmsyr3fub0094v3ts2ncl60yw,"Senior Revenue Assistant - Beerla Shankar",919848010264,2026-08-18T14:21:15.636Z
cmsyr3g6l0095v3ts9rdast74,"Junior Revenue Assistant - Taduri Chandraiah",919848010265,2026-08-18T14:21:16.078Z
cmsyr3gic0097v3tshom1lqtj,"Electrical Assistant Engineer - Pulugari Gopal",919848010267,2026-08-18T14:21:16.500Z
cmsyr3go30098v3tshyxmtv5o,"Panchayati Raj Field Officer - Bairikonda Rajesh",919848010268,2026-08-18T14:21:16.708Z
cmsyr3gty0099v3tshrzqcckp,"Gram Panchayat Ward Member - Palle Balu",919848010269,2026-08-18T14:21:16.919Z
cmsyr3h02009av3tsdl98og8a,"Cooperative Society Director - Bandari Goud",919848010270,2026-08-18T14:21:17.138Z
cmsyr3hbe009cv3tsr5oozcte,"Veterinary Hospital Assistant - Vangala Rao",919848010272,2026-08-18T14:21:17.546Z
cmsyr3hne009dv3tsfl1dml18,"Public Works Department Officer - Komatireddy Gupta",919848010273,2026-08-18T14:21:17.979Z
cmsyr3ht6009ev3ts9an8rbz3,"Anganwadi Sector Supervisor - Ubbu Kumar",919848010274,2026-08-18T14:21:18.186Z
cmsyr3hz3009fv3ts7qx9ag8r,"Primary Health Center Medical Officer - Venreddy Prasad",919848010275,2026-08-18T14:21:18.400Z
cmsyr3i4x009gv3ts1ndckfvb,"Asha Health Worker Incharge - Boya Shekhar",919848010276,2026-08-18T14:21:18.610Z
cmsyr3iap009hv3tsy4vamc3u,"Village Revenue Assistant VRA - Bakkathatla Venu",919848010277,2026-08-18T14:21:18.818Z
cmsyr3igc009iv3tsf51h50jg,"Irrigation Department Assistant - Dondapati Chary",919848010278,2026-08-18T14:21:19.020Z
cmsyr3im3009jv3ts0jooxror,"Handloom Officers Association Director - Gode Nayak",919848010279,2026-08-18T14:21:19.227Z
cmsyr3irv009kv3ts4s7cec7o,"Police Sub-Inspector - Nandikanti Mallaiah",919848010280,2026-08-18T14:21:19.435Z
cmsyr3j3r009lv3tsgti8bcn9,"Police Assistant Sub-Inspector - Gande Narsimha",919848010281,2026-08-18T14:21:19.863Z
cmsyr3j9j009mv3ts4i9ybuyt,"Police Head Constable - Chintala Srinivas",919848010282,2026-08-18T14:21:20.071Z
cmsyr3jfd009nv3tsxohuybyx,"Revenue Inspector - Gutta Venkatesh",919848010283,2026-08-18T14:21:20.281Z
cmsyr3jl0009ov3ts0vszohtn,"Senior Revenue Assistant - Chilukuri Bhikshapathi",919848010284,2026-08-18T14:21:20.484Z
cmsyr3jrd009pv3tslf8mwdm3,"Junior Revenue Assistant - Koyyada Satyanarayana",919848010285,2026-08-18T14:21:20.713Z
cmsyr3jx3009qv3tsc0kjen9t,"Electricity Line Inspector - Gangapuram Ravinder",919848010286,2026-08-18T14:21:20.920Z
cmsyr3k2s009rv3tsi6cigdwy,"Electrical Assistant Engineer - Rikkala Mahendar",919848010287,2026-08-18T14:21:21.125Z
cmsyr3k8d009sv3tsprf35wlt,"Panchayati Raj Field Officer - Nalla Ramesh",919848010288,2026-08-18T14:21:21.326Z
cmsyr3ke3009tv3tsj57jhjuv,"Gram Panchayat Ward Member - Katakam Suresh",919848010289,2026-08-18T14:21:21.531Z
cmsyr3kjo009uv3tshmeioiyu,"Cooperative Society Director - Survi Yadagiri",919848010290,2026-08-18T14:21:21.733Z
cmsyr3kpe009vv3tscmbru2yx,"Agriculture Extension Officer - Poloju Anjaiah",919848010291,2026-08-18T14:21:21.938Z
cmsyr3kv2009wv3tstxniq0qo,"Veterinary Hospital Assistant - Guddati Shankar",919848010292,2026-08-18T14:21:22.142Z
cmsyr3l0q009xv3tshmq94dzp,"Public Works Department Officer - Beerla Chandraiah",919848010293,2026-08-18T14:21:22.346Z
cmsyr3lc9009zv3ts7v0v5pt7,"Primary Health Center Medical Officer - Marri Gopal",919848010295,2026-08-18T14:21:22.761Z
cmsyr3li400a0v3tsfr8sj1fu,"Asha Health Worker Incharge - Pulugari Rajesh",919848010296,2026-08-18T14:21:22.972Z
cmsyr3lns00a1v3ts93ql2wva,"Village Revenue Assistant VRA - Bairikonda Balu",919848010297,2026-08-18T14:21:23.177Z
cmsyr3lth00a2v3tsqln1r5ac,"Irrigation Department Assistant - Palle Goud",919848010298,2026-08-18T14:21:23.382Z
cmsyr3lz500a3v3ts0p6mqc8p,"Handloom Officers Association Director - Bandari Reddy",919848010299,2026-08-18T14:21:23.586Z
cmsyr3m4s00a4v3ts1jqabr5s,"Police Sub-Inspector - Battu Rao",919848010300,2026-08-18T14:21:23.788Z
cmsyr3maf00a5v3ts9b2ttk0r,"Police Assistant Sub-Inspector - Vangala Gupta",919848010301,2026-08-18T14:21:23.991Z
cmsyr3mg300a6v3tsknueywth,"Police Head Constable - Komatireddy Kumar",919848010302,2026-08-18T14:21:24.195Z
cmsyr3mlp00a7v3tsmi3t7ovu,"Revenue Inspector - Ubbu Prasad",919848010303,2026-08-18T14:21:24.397Z
cmsyr3mrv00a8v3tsfhte0szf,"Senior Revenue Assistant - Venreddy Shekhar",919848010304,2026-08-18T14:21:24.620Z
cmsyr3mxh00a9v3ts1nz1iper,"Junior Revenue Assistant - Boya Venu",919848010305,2026-08-18T14:21:24.822Z
cmsyr3n3600aav3tsvaevnkdm,"Electricity Line Inspector - Bakkathatla Chary",919848010306,2026-08-18T14:21:25.027Z
cmt415v22007ov3ccthevmdgw,"Revenue Inspector - Vangala Anjaiah",+919848010823,2026-08-22T07:01:55.707Z
cmsyr3nek00acv3tsimhu5n6v,"Panchayati Raj Field Officer - Gode Mallaiah",919848010308,2026-08-18T14:21:25.437Z
cmsyr3nk900adv3tsrkkpefcu,"Gram Panchayat Ward Member - Nandikanti Narsimha",919848010309,2026-08-18T14:21:25.641Z
cmsyr3npx00aev3ts9oah239o,"Cooperative Society Director - Gande Srinivas",919848010310,2026-08-18T14:21:25.845Z
cmsyr3nvn00afv3tsiutc1i7v,"Agriculture Extension Officer - Chintala Venkatesh",919848010311,2026-08-18T14:21:26.052Z
cmsyr3o1d00agv3ts9z1qg1rj,"Veterinary Hospital Assistant - Gutta Bhikshapathi",919848010312,2026-08-18T14:21:26.257Z
cmsyr3o7100ahv3tsuhapbehd,"Public Works Department Officer - Chilukuri Satyanarayana",919848010313,2026-08-18T14:21:26.462Z
cmsyr3ocn00aiv3tsf780as6z,"Anganwadi Sector Supervisor - Koyyada Ravinder",919848010314,2026-08-18T14:21:26.663Z
cmsyr3oic00ajv3tsi478iwn8,"Primary Health Center Medical Officer - Gangapuram Mahendar",919848010315,2026-08-18T14:21:26.868Z
cmsyr3oo000akv3tsto01qk5n,"Asha Health Worker Incharge - Rikkala Ramesh",919848010316,2026-08-18T14:21:27.072Z
cmsyr3otq00alv3tssqz9fe4i,"Village Revenue Assistant VRA - Nalla Suresh",919848010317,2026-08-18T14:21:27.278Z
cmsyr3ozm00amv3tsmcfnbmi4,"Irrigation Department Assistant - Katakam Yadagiri",919848010318,2026-08-18T14:21:27.490Z
cmsyr3p5r00anv3tsoy8b3mjd,"Handloom Officers Association Director - Survi Anjaiah",919848010319,2026-08-18T14:21:27.712Z
cmsyr3pbt00aov3tsh6tsabhx,"Police Sub-Inspector - Poloju Shankar",919848010320,2026-08-18T14:21:27.929Z
cmsyr3pkg00apv3tsuh8a4uhc,"Police Assistant Sub-Inspector - Guddati Chandraiah",919848010321,2026-08-18T14:21:28.240Z
cmsyr3pqs00aqv3tsd24san1y,"Police Head Constable - Beerla Lingaiah",919848010322,2026-08-18T14:21:28.468Z
cmsyr3pwd00arv3tsb77w4zkt,"Revenue Inspector - Taduri Gopal",919848010323,2026-08-18T14:21:28.669Z
cmsyr3q7r00atv3tsxb1rzk2v,"Junior Revenue Assistant - Pulugari Balu",919848010325,2026-08-18T14:21:29.079Z
cmsyr3qdh00auv3tsimwe1e94,"Electricity Line Inspector - Bairikonda Goud",919848010326,2026-08-18T14:21:29.286Z
cmsyr3qja00avv3ts6syfi8wp,"Electrical Assistant Engineer - Palle Reddy",919848010327,2026-08-18T14:21:29.494Z
cmsyr3qp300awv3ts1dihuk8z,"Panchayati Raj Field Officer - Bandari Rao",919848010328,2026-08-18T14:21:29.703Z
cmsyr3quy00axv3tsy11th0vr,"Gram Panchayat Ward Member - Battu Gupta",919848010329,2026-08-18T14:21:29.914Z
cmsyr3r1800ayv3ts18v83pen,"Cooperative Society Director - Vangala Kumar",919848010330,2026-08-18T14:21:30.120Z
cmsyr3r6y00azv3ts2kc6zzxa,"Agriculture Extension Officer - Komatireddy Prasad",919848010331,2026-08-18T14:21:30.346Z
cmsyr3rcn00b0v3tsbq1dw0sh,"Veterinary Hospital Assistant - Ubbu Shekhar",919848010332,2026-08-18T14:21:30.551Z
cmsyr3ri900b1v3tsx03zzpsu,"Public Works Department Officer - Venreddy Venu",919848010333,2026-08-18T14:21:30.754Z
cmsyr3rnx00b2v3tsrhc6yyh0,"Anganwadi Sector Supervisor - Boya Chary",919848010334,2026-08-18T14:21:30.957Z
cmsyr3rto00b3v3ts57k0r2b7,"Primary Health Center Medical Officer - Bakkathatla Nayak",919848010335,2026-08-18T14:21:31.165Z
cmsyr3rze00b4v3tsflcxdlqu,"Asha Health Worker Incharge - Dondapati Mallaiah",919848010336,2026-08-18T14:21:31.370Z
cmsyr3s5300b5v3tsqi95wq4l,"Village Revenue Assistant VRA - Gode Narsimha",919848010337,2026-08-18T14:21:31.576Z
cmsyr3sf700b6v3ts8gvtfa2g,"Irrigation Department Assistant - Nandikanti Srinivas",919848010338,2026-08-18T14:21:31.940Z
cmsyr3skz00b7v3tsfnryebht,"Handloom Officers Association Director - Gande Venkatesh",919848010339,2026-08-18T14:21:32.147Z
cmsyr3sqp00b8v3tsjxwvnl5m,"Police Sub-Inspector - Chintala Bhikshapathi",919848010340,2026-08-18T14:21:32.353Z
cmsyr3swe00b9v3tsliud82to,"Police Assistant Sub-Inspector - Gutta Satyanarayana",919848010341,2026-08-18T14:21:32.558Z
cmsyr3t2500bav3tsr2rmh06b,"Police Head Constable - Chilukuri Ravinder",919848010342,2026-08-18T14:21:32.765Z
cmsyr3tdn00bcv3ts239ds19b,"Senior Revenue Assistant - Gangapuram Ramesh",919848010344,2026-08-18T14:21:33.179Z
cmsyr3tjd00bdv3tse43v7ykn,"Junior Revenue Assistant - Rikkala Suresh",919848010345,2026-08-18T14:21:33.386Z
cmsyr3tpb00bev3tsmoxrovnb,"Electricity Line Inspector - Nalla Yadagiri",919848010346,2026-08-18T14:21:33.599Z
cmsyr3tv100bfv3tstcdwdvoo,"Electrical Assistant Engineer - Katakam Anjaiah",919848010347,2026-08-18T14:21:33.805Z
cmsyr3u0t00bgv3tsok6qbfjn,"Panchayati Raj Field Officer - Survi Shankar",919848010348,2026-08-18T14:21:34.014Z
cmsyr3u6m00bhv3tsb7mdt1o5,"Gram Panchayat Ward Member - Poloju Chandraiah",919848010349,2026-08-18T14:21:34.222Z
cmsyr3ucb00biv3ts258db2k3,"Cooperative Society Director - Guddati Lingaiah",919848010350,2026-08-18T14:21:34.427Z
cmsyr3uhx00bjv3tsxmop4i8h,"Agriculture Extension Officer - Beerla Gopal",919848010351,2026-08-18T14:21:34.630Z
cmsyr3unn00bkv3tsqdtxn2yn,"Veterinary Hospital Assistant - Taduri Rajesh",919848010352,2026-08-18T14:21:34.836Z
cmsyr3utd00blv3ts1amda28a,"Public Works Department Officer - Marri Balu",919848010353,2026-08-18T14:21:35.042Z
cmsyr3uz200bmv3ts7vh7mu9v,"Anganwadi Sector Supervisor - Pulugari Goud",919848010354,2026-08-18T14:21:35.246Z
cmsyr3vaa00bov3ts1n01fkg7,"Asha Health Worker Incharge - Palle Rao",919848010356,2026-08-18T14:21:35.651Z
cmsyr3vg000bpv3tsgdopekgj,"Village Revenue Assistant VRA - Bandari Gupta",919848010357,2026-08-18T14:21:35.856Z
cmsyr3vlk00bqv3tsjd90oxlt,"Irrigation Department Assistant - Battu Kumar",919848010358,2026-08-18T14:21:36.056Z
cmsyr3vrd00brv3tsygfh9grm,"Handloom Officers Association Director - Vangala Prasad",919848010359,2026-08-18T14:21:36.265Z
cmsyr3vx000bsv3tssaa49vn7,"Police Sub-Inspector - Komatireddy Shekhar",919848010360,2026-08-18T14:21:36.468Z
cmsyr3w2m00btv3ts2xx3zts4,"Police Assistant Sub-Inspector - Ubbu Venu",919848010361,2026-08-18T14:21:36.671Z
cmsyr3w8a00buv3tshvy452id,"Police Head Constable - Venreddy Chary",919848010362,2026-08-18T14:21:36.875Z
cmsyr3wdv00bvv3tsiwse8zwi,"Revenue Inspector - Boya Nayak",919848010363,2026-08-18T14:21:37.076Z
cmsyr3wjh00bwv3tssef0nrj4,"Senior Revenue Assistant - Bakkathatla Mallaiah",919848010364,2026-08-18T14:21:37.278Z
cmsyr3wp300bxv3tst19p7t2p,"Junior Revenue Assistant - Dondapati Narsimha",919848010365,2026-08-18T14:21:37.479Z
cmsyr3wuu00byv3tsaf1ajadd,"Electricity Line Inspector - Gode Srinivas",919848010366,2026-08-18T14:21:37.686Z
cmsyr3x0h00bzv3tsedz29md3,"Electrical Assistant Engineer - Nandikanti Venkatesh",919848010367,2026-08-18T14:21:37.889Z
cmsyr3x6300c0v3tsigeyz3fp,"Panchayati Raj Field Officer - Gande Bhikshapathi",919848010368,2026-08-18T14:21:38.091Z
cmsyr3xc400c1v3tsxgwi546u,"Gram Panchayat Ward Member - Chintala Satyanarayana",919848010369,2026-08-18T14:21:38.308Z
cmsyr3xht00c2v3ts6p5ixtv3,"Cooperative Society Director - Gutta Ravinder",919848010370,2026-08-18T14:21:38.513Z
cmsyr3xnk00c3v3tsoscju5m8,"Agriculture Extension Officer - Chilukuri Mahendar",919848010371,2026-08-18T14:21:38.720Z
cmsyr3xt600c4v3tses3oulp1,"Veterinary Hospital Assistant - Koyyada Ramesh",919848010372,2026-08-18T14:21:38.922Z
cmsyr3xyt00c5v3tstafejlki,"Public Works Department Officer - Gangapuram Suresh",919848010373,2026-08-18T14:21:39.125Z
cmsyr3y4h00c6v3tsjp1oludc,"Anganwadi Sector Supervisor - Rikkala Yadagiri",919848010374,2026-08-18T14:21:39.330Z
cmsyr3ya800c7v3tsny82u7kk,"Primary Health Center Medical Officer - Nalla Anjaiah",919848010375,2026-08-18T14:21:39.537Z
cmsyr3yfw00c8v3tsbm24sygy,"Asha Health Worker Incharge - Katakam Shankar",919848010376,2026-08-18T14:21:39.740Z
cmsyr3yll00c9v3ts89n1l53y,"Village Revenue Assistant VRA - Survi Chandraiah",919848010377,2026-08-18T14:21:39.946Z
cmsyr3yra00cav3ts6dxqxz64,"Irrigation Department Assistant - Poloju Lingaiah",919848010378,2026-08-18T14:21:40.151Z
cmsyr3z2p00ccv3tsxijt85d1,"Police Sub-Inspector - Beerla Rajesh",919848010380,2026-08-18T14:21:40.561Z
cmsyr3z8m00cdv3tsvz1svsoo,"Police Assistant Sub-Inspector - Taduri Balu",919848010381,2026-08-18T14:21:40.774Z
cmsyr3zeb00cev3tsij3aqb6d,"Police Head Constable - Marri Goud",919848010382,2026-08-18T14:21:40.979Z
cmsyr3zjy00cfv3tsqlz38m5m,"Revenue Inspector - Pulugari Reddy",919848010383,2026-08-18T14:21:41.182Z
cmsyr3zpk00cgv3tslwpoyfbx,"Senior Revenue Assistant - Bairikonda Rao",919848010384,2026-08-18T14:21:41.384Z
cmsyr3zv600chv3tsgxb0vomz,"Junior Revenue Assistant - Palle Gupta",919848010385,2026-08-18T14:21:41.586Z
cmsyr400w00civ3tsqrznxb0e,"Electricity Line Inspector - Bandari Kumar",919848010386,2026-08-18T14:21:41.793Z
cmsyr407000cjv3tsyc4sr1df,"Electrical Assistant Engineer - Battu Prasad",919848010387,2026-08-18T14:21:42.013Z
cmsyr40df00ckv3tsj14teckf,"Panchayati Raj Field Officer - Vangala Shekhar",919848010388,2026-08-18T14:21:42.244Z
cmsyr40j300clv3tss6cf2kro,"Gram Panchayat Ward Member - Komatireddy Venu",919848010389,2026-08-18T14:21:42.447Z
cmsyr40ot00cmv3tsbnikxjp0,"Cooperative Society Director - Ubbu Chary",919848010390,2026-08-18T14:21:42.653Z
cmsyr40vu00cnv3tslz6pf355,"Agriculture Extension Officer - Venreddy Nayak",919848010391,2026-08-18T14:21:42.906Z
cmsyr412000cov3tsw4siunr1,"Veterinary Hospital Assistant - Boya Mallaiah",919848010392,2026-08-18T14:21:43.128Z
cmsyr417x00cpv3tsms9qq11o,"Public Works Department Officer - Bakkathatla Narsimha",919848010393,2026-08-18T14:21:43.342Z
cmsyr41dy00cqv3ts8dcrtiyl,"Anganwadi Sector Supervisor - Dondapati Srinivas",919848010394,2026-08-18T14:21:43.559Z
cmsyr41qk00crv3ts1hb932d4,"Primary Health Center Medical Officer - Gode Venkatesh",919848010395,2026-08-18T14:21:44.013Z
cmsyr41wa00csv3tsrortaspp,"Asha Health Worker Incharge - Nandikanti Bhikshapathi",919848010396,2026-08-18T14:21:44.218Z
cmsyr421y00ctv3tstvs3atrr,"Village Revenue Assistant VRA - Gande Satyanarayana",919848010397,2026-08-18T14:21:44.423Z
cmsyr428400cuv3ts52m7coku,"Irrigation Department Assistant - Chintala Ravinder",919848010398,2026-08-18T14:21:44.644Z
cmsyr42e500cvv3tse9cmkt02,"Handloom Officers Association Director - Gutta Mahendar",919848010399,2026-08-18T14:21:44.862Z
cmsyr42k100cwv3ts59j9dqfy,"Police Sub-Inspector - Chilukuri Ramesh",919848010400,2026-08-18T14:21:45.074Z
cmsyr42qt00cxv3tslrec8r6s,"Police Assistant Sub-Inspector - Koyyada Suresh",919848010401,2026-08-18T14:21:45.318Z
cmsyr42wk00cyv3tsq56djrtu,"Police Head Constable - Gangapuram Yadagiri",919848010402,2026-08-18T14:21:45.525Z
cmsyr432900czv3tszyoem454,"Revenue Inspector - Rikkala Anjaiah",919848010403,2026-08-18T14:21:45.730Z
cmsyr438100d0v3ts660s7sgd,"Senior Revenue Assistant - Nalla Shankar",919848010404,2026-08-18T14:21:45.937Z
cmsyr43ds00d1v3tsqxy2g6ye,"Junior Revenue Assistant - Katakam Chandraiah",919848010405,2026-08-18T14:21:46.145Z
cmsyr43ji00d2v3tszeyogsgw,"Electricity Line Inspector - Survi Lingaiah",919848010406,2026-08-18T14:21:46.351Z
cmsyr43p700d3v3tsvtaxsppm,"Electrical Assistant Engineer - Poloju Gopal",919848010407,2026-08-18T14:21:46.556Z
cmsyr43uv00d4v3tslq21tg5f,"Panchayati Raj Field Officer - Guddati Rajesh",919848010408,2026-08-18T14:21:46.760Z
cmsyr440l00d5v3tsli9niim4,"Gram Panchayat Ward Member - Beerla Balu",919848010409,2026-08-18T14:21:46.966Z
cmsyr446800d6v3tshdovizkd,"Cooperative Society Director - Taduri Goud",919848010410,2026-08-18T14:21:47.169Z
cmsyr44bx00d7v3tsvtdz0che,"Agriculture Extension Officer - Marri Reddy",919848010411,2026-08-18T14:21:47.373Z
cmsyr44nc00d9v3tsl4vtcxvp,"Public Works Department Officer - Bairikonda Gupta",919848010413,2026-08-18T14:21:47.784Z
cmsyr44sz00dav3tsz67ojt70,"Anganwadi Sector Supervisor - Palle Kumar",919848010414,2026-08-18T14:21:47.987Z
cmt4161y4009pv3ccv1tokns4,"Cooperative Society Director - Gangapuram Kumar",+919848010750,2026-08-22T07:02:04.637Z
cmsyr454e00dcv3ts84migjgv,"Asha Health Worker Incharge - Battu Shekhar",919848010416,2026-08-18T14:21:48.399Z
cmsyr45a400ddv3tsnkdsfslc,"Village Revenue Assistant VRA - Vangala Venu",919848010417,2026-08-18T14:21:48.604Z
cmsyr45fv00dev3tsnejpvolg,"Irrigation Department Assistant - Komatireddy Chary",919848010418,2026-08-18T14:21:48.811Z
cmsyr45lk00dfv3tsy64hzusw,"Handloom Officers Association Director - Ubbu Nayak",919848010419,2026-08-18T14:21:49.016Z
cmsyr45ud00dgv3tsy9ofsng6,"Police Sub-Inspector - Venreddy Mallaiah",919848010420,2026-08-18T14:21:49.333Z
cmsyr460000dhv3ts4kufercl,"Police Assistant Sub-Inspector - Boya Narsimha",919848010421,2026-08-18T14:21:49.536Z
cmsyr465x00div3tsantvrdxm,"Police Head Constable - Bakkathatla Srinivas",919848010422,2026-08-18T14:21:49.749Z
cmsyr46bn00djv3tsw5pk1uk9,"Revenue Inspector - Dondapati Venkatesh",919848010423,2026-08-18T14:21:49.956Z
cmsyr46ha00dkv3tsa2shczkz,"Senior Revenue Assistant - Gode Bhikshapathi",919848010424,2026-08-18T14:21:50.159Z
cmsyr46ql00dlv3tsvm15yk9n,"Junior Revenue Assistant - Nandikanti Satyanarayana",919848010425,2026-08-18T14:21:50.493Z
cmsyr46w800dmv3tsvl6xd8g1,"Electricity Line Inspector - Gande Ravinder",919848010426,2026-08-18T14:21:50.696Z
cmsyr472p00dnv3tsaphvuauv,"Electrical Assistant Engineer - Chintala Mahendar",919848010427,2026-08-18T14:21:50.929Z
cmsyr479i00dov3ts9dtnweol,"Panchayati Raj Field Officer - Gutta Ramesh",919848010428,2026-08-18T14:21:51.174Z
cmsyr47f600dpv3tsk5dsliew,"Gram Panchayat Ward Member - Chilukuri Suresh",919848010429,2026-08-18T14:21:51.378Z
cmsyr47kz00dqv3tsetr7b99i,"Cooperative Society Director - Koyyada Yadagiri",919848010430,2026-08-18T14:21:51.587Z
cmsyr47r000drv3tsq1nmxndb,"Agriculture Extension Officer - Gangapuram Anjaiah",919848010431,2026-08-18T14:21:51.805Z
cmsyr47wi00dsv3ts3rotjmub,"Veterinary Hospital Assistant - Rikkala Shankar",919848010432,2026-08-18T14:21:52.003Z
cmsyr482300dtv3tsv03kxpa1,"Public Works Department Officer - Nalla Chandraiah",919848010433,2026-08-18T14:21:52.203Z
cmsyr487p00duv3tskg3e7vru,"Anganwadi Sector Supervisor - Katakam Lingaiah",919848010434,2026-08-18T14:21:52.406Z
cmsyr48dd00dvv3tsodyvi6se,"Primary Health Center Medical Officer - Survi Gopal",919848010435,2026-08-18T14:21:52.610Z
cmsyr48j300dwv3tsvbytc3vb,"Asha Health Worker Incharge - Poloju Rajesh",919848010436,2026-08-18T14:21:52.815Z
cmsyr48om00dxv3tsm77drqw0,"Village Revenue Assistant VRA - Guddati Balu",919848010437,2026-08-18T14:21:53.014Z
cmsyr48u400dyv3tsew9opckb,"Irrigation Department Assistant - Beerla Goud",919848010438,2026-08-18T14:21:53.212Z
cmsyr48zu00dzv3tswvpunpi9,"Handloom Officers Association Director - Taduri Reddy",919848010439,2026-08-18T14:21:53.419Z
cmsyr495a00e0v3tsqp68417i,"Police Sub-Inspector - Marri Rao",919848010440,2026-08-18T14:21:53.614Z
cmsyr49ay00e1v3tszw4bt3nl,"Police Assistant Sub-Inspector - Pulugari Gupta",919848010441,2026-08-18T14:21:53.818Z
cmsyr49gg00e2v3tsqs3sn9my,"Police Head Constable - Bairikonda Kumar",919848010442,2026-08-18T14:21:54.017Z
cmsyr49m200e3v3tsldhk82pg,"Revenue Inspector - Palle Prasad",919848010443,2026-08-18T14:21:54.219Z
cmsyr49rm00e4v3tsdpy4jw2m,"Senior Revenue Assistant - Bandari Shekhar",919848010444,2026-08-18T14:21:54.418Z
cmsyr49xb00e5v3tss3rup119,"Junior Revenue Assistant - Battu Venu",919848010445,2026-08-18T14:21:54.623Z
cmsyr4a8q00e7v3tsh7cdm6ml,"Electrical Assistant Engineer - Komatireddy Nayak",919848010447,2026-08-18T14:21:55.035Z
cmsyr4aec00e8v3tsadtsi1wc,"Panchayati Raj Field Officer - Ubbu Mallaiah",919848010448,2026-08-18T14:21:55.236Z
cmsyr4akc00e9v3tsrf1c3dcl,"Gram Panchayat Ward Member - Venreddy Narsimha",919848010449,2026-08-18T14:21:55.453Z
cmsyr4aq100eav3tsx956aa8a,"Cooperative Society Director - Boya Srinivas",919848010450,2026-08-18T14:21:55.657Z
cmt41624u009rv3cc7tvrav6a,"Panchayati Raj Field Officer - Chilukuri Rao",+919848010748,2026-08-22T07:02:04.878Z
cmt4162bj009tv3cczjdu8iqi,"Electricity Line Inspector - Chintala Goud",+919848010746,2026-08-22T07:02:05.119Z
cmsyr4b1c00ecv3ts8ft61gr5,"Veterinary Hospital Assistant - Dondapati Bhikshapathi",919848010452,2026-08-18T14:21:56.064Z
cmsyr4b6v00edv3tsryslw9fd,"Public Works Department Officer - Gode Satyanarayana",919848010453,2026-08-18T14:21:56.263Z
cmsyr4bcn00eev3tsyo0fi62m,"Anganwadi Sector Supervisor - Nandikanti Ravinder",919848010454,2026-08-18T14:21:56.471Z
cmsyr4bi900efv3tsep04ku6g,"Primary Health Center Medical Officer - Gande Mahendar",919848010455,2026-08-18T14:21:56.674Z
cmsyr4bu600egv3tsrt7wzx0l,"Asha Health Worker Incharge - Chintala Ramesh",919848010456,2026-08-18T14:21:57.102Z
cmsyr4c0d00ehv3ts3f8du6oz,"Village Revenue Assistant VRA - Gutta Suresh",919848010457,2026-08-18T14:21:57.325Z
cmsyr4c5v00eiv3tsa4kh0kx7,"Irrigation Department Assistant - Chilukuri Yadagiri",919848010458,2026-08-18T14:21:57.524Z
cmsyr4cbe00ejv3tsdsy6dqod,"Handloom Officers Association Director - Koyyada Anjaiah",919848010459,2026-08-18T14:21:57.722Z
cmsyr4cic00ekv3tsz65a2h1q,"Police Sub-Inspector - Gangapuram Shankar",919848010460,2026-08-18T14:21:57.972Z
cmsyr4co100elv3tsm0u1t068,"Police Assistant Sub-Inspector - Rikkala Chandraiah",919848010461,2026-08-18T14:21:58.177Z
cmsyr4ctz00emv3ts10cnzo0r,"Police Head Constable - Nalla Lingaiah",919848010462,2026-08-18T14:21:58.392Z
cmsyr4czt00env3ts3mw8920z,"Revenue Inspector - Katakam Gopal",919848010463,2026-08-18T14:21:58.602Z
cmsyr4d6100eov3tstqe5pwnj,"Senior Revenue Assistant - Survi Rajesh",919848010464,2026-08-18T14:21:58.826Z
cmsyr4dhv00epv3tsk1v7objj,"Junior Revenue Assistant - Poloju Balu",919848010465,2026-08-18T14:21:59.252Z
cmsyr4dub00erv3tsjinl8cd9,"Electrical Assistant Engineer - Beerla Reddy",919848010467,2026-08-18T14:21:59.699Z
cmsyr4e1e00esv3tsqrf6tlcc,"Panchayati Raj Field Officer - Taduri Rao",919848010468,2026-08-18T14:21:59.955Z
cmsyr4e6w00etv3ts2jvyqt0u,"Gram Panchayat Ward Member - Marri Gupta",919848010469,2026-08-18T14:22:00.152Z
cmsyr4ed600euv3tsawyazkrj,"Cooperative Society Director - Pulugari Kumar",919848010470,2026-08-18T14:22:00.379Z
cmsyr4eiu00evv3tsx27oecxj,"Agriculture Extension Officer - Bairikonda Prasad",919848010471,2026-08-18T14:22:00.583Z
cmsyr4eod00ewv3tstzs7n35p,"Veterinary Hospital Assistant - Palle Shekhar",919848010472,2026-08-18T14:22:00.781Z
cmsyr4ett00exv3ts2b8atvz3,"Public Works Department Officer - Bandari Venu",919848010473,2026-08-18T14:22:00.978Z
cmsyr4ezb00eyv3tsvrjakeea,"Anganwadi Sector Supervisor - Battu Chary",919848010474,2026-08-18T14:22:01.176Z
cmsyr4f4w00ezv3ts98qbrrmr,"Primary Health Center Medical Officer - Vangala Nayak",919848010475,2026-08-18T14:22:01.376Z
cmsyr4fae00f0v3ts4uw4vqzm,"Asha Health Worker Incharge - Komatireddy Mallaiah",919848010476,2026-08-18T14:22:01.574Z
cmsyr4ffv00f1v3tsla4v04pv,"Village Revenue Assistant VRA - Ubbu Narsimha",919848010477,2026-08-18T14:22:01.771Z
cmsyr4flj00f2v3ts8pm2pgvo,"Irrigation Department Assistant - Venreddy Srinivas",919848010478,2026-08-18T14:22:01.976Z
cmsyr4fr500f3v3tscrttrg6c,"Handloom Officers Association Director - Boya Venkatesh",919848010479,2026-08-18T14:22:02.178Z
cmsyr4fwq00f4v3tsdur6wdyk,"Police Sub-Inspector - Bakkathatla Bhikshapathi",919848010480,2026-08-18T14:22:02.378Z
cmsyr4g2d00f5v3tscc6tl7cs,"Police Assistant Sub-Inspector - Dondapati Satyanarayana",919848010481,2026-08-18T14:22:02.582Z
cmsyr4g8100f6v3tshmkdvscz,"Police Head Constable - Gode Ravinder",919848010482,2026-08-18T14:22:02.786Z
cmsyr4gdq00f7v3tsju4aam7n,"Revenue Inspector - Nandikanti Mahendar",919848010483,2026-08-18T14:22:02.990Z
cmsyr4gw500f9v3ts3zmjlpz1,"Junior Revenue Assistant - Chintala Suresh",919848010485,2026-08-18T14:22:03.654Z
cmsyr4h2z00fav3tsnwgueyen,"Electricity Line Inspector - Gutta Yadagiri",919848010486,2026-08-18T14:22:03.899Z
cmsyr4heo00fcv3ts4q6hmzbo,"Panchayati Raj Field Officer - Koyyada Shankar",919848010488,2026-08-18T14:22:04.320Z
cmsyr4hka00fdv3tsan78uxif,"Gram Panchayat Ward Member - Gangapuram Chandraiah",919848010489,2026-08-18T14:22:04.522Z
cmsyr4hpu00fev3tsq37ijyw8,"Cooperative Society Director - Rikkala Lingaiah",919848010490,2026-08-18T14:22:04.722Z
cmsyr4i1800fgv3tsdcadqumj,"Veterinary Hospital Assistant - Katakam Rajesh",919848010492,2026-08-18T14:22:05.132Z
cmsyr4i6n00fhv3tsnyd31qki,"Public Works Department Officer - Survi Balu",919848010493,2026-08-18T14:22:05.328Z
cmsyr4ic700fiv3tsxuu9s3mi,"Anganwadi Sector Supervisor - Poloju Goud",919848010494,2026-08-18T14:22:05.527Z
cmsyr4ihr00fjv3tsphs11hq2,"Primary Health Center Medical Officer - Guddati Reddy",919848010495,2026-08-18T14:22:05.728Z
cmsyr4ine00fkv3tso6pywno4,"Asha Health Worker Incharge - Beerla Rao",919848010496,2026-08-18T14:22:05.930Z
cmsyr4it100flv3tsle7zydcg,"Village Revenue Assistant VRA - Taduri Gupta",919848010497,2026-08-18T14:22:06.134Z
cmsyr4iyq00fmv3tsgzy3wfzd,"Irrigation Department Assistant - Marri Kumar",919848010498,2026-08-18T14:22:06.338Z
cmsyr4j4a00fnv3tsjmbxup49,"Handloom Officers Association Director - Pulugari Prasad",919848010499,2026-08-18T14:22:06.539Z
cmsyr4j9l00fov3ts9vm1c8r5,"Police Sub-Inspector - Bairikonda Shekhar",919848010500,2026-08-18T14:22:06.729Z
cmsyr4jfa00fpv3tsqlddeikl,"Police Assistant Sub-Inspector - Palle Venu",919848010501,2026-08-18T14:22:06.934Z
cmsyr4jkw00fqv3tsz52z241a,"Police Head Constable - Bandari Chary",919848010502,2026-08-18T14:22:07.137Z
cmsyr4jqg00frv3tsaz4ake4j,"Revenue Inspector - Battu Nayak",919848010503,2026-08-18T14:22:07.336Z
cmsyr4jw300fsv3tswd6vhg2n,"Senior Revenue Assistant - Vangala Mallaiah",919848010504,2026-08-18T14:22:07.540Z
cmsyr4k1m00ftv3tsa6p4u4yg,"Junior Revenue Assistant - Komatireddy Narsimha",919848010505,2026-08-18T14:22:07.738Z
cmsyr4k7b00fuv3tss562r9dw,"Electricity Line Inspector - Ubbu Srinivas",919848010506,2026-08-18T14:22:07.943Z
cmsyr4kd200fvv3tsy3vtwas3,"Electrical Assistant Engineer - Venreddy Venkatesh",919848010507,2026-08-18T14:22:08.150Z
cmsyr4kio00fwv3tskot3l7lt,"Panchayati Raj Field Officer - Boya Bhikshapathi",919848010508,2026-08-18T14:22:08.352Z
cmsyr4kod00fxv3tsarpif1xo,"Gram Panchayat Ward Member - Bakkathatla Satyanarayana",919848010509,2026-08-18T14:22:08.558Z
cmsyr4kue00fyv3ts3hbvy6k2,"Cooperative Society Director - Dondapati Ravinder",919848010510,2026-08-18T14:22:08.775Z
cmsyr4kzw00fzv3ts6j91i1rv,"Agriculture Extension Officer - Gode Mahendar",919848010511,2026-08-18T14:22:08.973Z
cmsyr4l5h00g0v3tshm7zhee2,"Veterinary Hospital Assistant - Nandikanti Ramesh",919848010512,2026-08-18T14:22:09.173Z
cmsyr4lb700g1v3tsdtjyrua2,"Public Works Department Officer - Gande Suresh",919848010513,2026-08-18T14:22:09.379Z
cmsyr4lgs00g2v3ts74riycjj,"Anganwadi Sector Supervisor - Chintala Yadagiri",919848010514,2026-08-18T14:22:09.580Z
cmsyr4lsg00g3v3ts0a2ox11o,"Primary Health Center Medical Officer - Gutta Anjaiah",919848010515,2026-08-18T14:22:10.000Z
cmsyr4lyl00g4v3ts25nprc4d,"Asha Health Worker Incharge - Chilukuri Shankar",919848010516,2026-08-18T14:22:10.221Z
cmsyr4m4400g5v3tskjunlkcx,"Village Revenue Assistant VRA - Koyyada Chandraiah",919848010517,2026-08-18T14:22:10.421Z
cmsyr4m9t00g6v3tsm0jbwudv,"Irrigation Department Assistant - Gangapuram Lingaiah",919848010518,2026-08-18T14:22:10.626Z
cmsyr4mfb00g7v3tsften4b3d,"Handloom Officers Association Director - Rikkala Gopal",919848010519,2026-08-18T14:22:10.823Z
cmsyr4mky00g8v3ts5av09lhy,"Police Sub-Inspector - Nalla Rajesh",919848010520,2026-08-18T14:22:11.026Z
cmsyr4mqe00g9v3tsvvw2s2v9,"Police Assistant Sub-Inspector - Katakam Balu",919848010521,2026-08-18T14:22:11.222Z
cmsyr4mw200gav3tsd8ihoufl,"Police Head Constable - Survi Goud",919848010522,2026-08-18T14:22:11.426Z
cmsyr4n7600gcv3tstzk7zy41,"Senior Revenue Assistant - Guddati Rao",919848010524,2026-08-18T14:22:11.827Z
cmsyr4ncs00gdv3tsasl01des,"Junior Revenue Assistant - Beerla Gupta",919848010525,2026-08-18T14:22:12.029Z
cmsyr4nj500gev3ts96ir0pl4,"Electricity Line Inspector - Taduri Kumar",919848010526,2026-08-18T14:22:12.257Z
cmsyr4nos00gfv3tsy77ji4oi,"Electrical Assistant Engineer - Marri Prasad",919848010527,2026-08-18T14:22:12.460Z
cmsyr4nue00ggv3tsxznw6pt9,"Panchayati Raj Field Officer - Pulugari Shekhar",919848010528,2026-08-18T14:22:12.662Z
cmsyr4o0200ghv3tsksnwee69,"Gram Panchayat Ward Member - Bairikonda Venu",919848010529,2026-08-18T14:22:12.866Z
cmsyr4o5o00giv3tske4wim4g,"Cooperative Society Director - Palle Chary",919848010530,2026-08-18T14:22:13.068Z
cmsyr4obc00gjv3tsit8621v2,"Agriculture Extension Officer - Bandari Nayak",919848010531,2026-08-18T14:22:13.272Z
cmsyr4oh000gkv3ts2d2i329c,"Veterinary Hospital Assistant - Battu Mallaiah",919848010532,2026-08-18T14:22:13.476Z
cmsyr4omo00glv3tswb3awitl,"Public Works Department Officer - Vangala Narsimha",919848010533,2026-08-18T14:22:13.681Z
cmsyr4ose00gmv3ts9d4wljie,"Anganwadi Sector Supervisor - Komatireddy Srinivas",919848010534,2026-08-18T14:22:13.886Z
cmsyr4oy200gnv3ts7rz3xvv8,"Primary Health Center Medical Officer - Ubbu Venkatesh",919848010535,2026-08-18T14:22:14.090Z
cmsyr4p9u00gov3tszupaaeq9,"Asha Health Worker Incharge - Venreddy Bhikshapathi",919848010536,2026-08-18T14:22:14.514Z
cmsyr4pgc00gpv3tsmn7fyxr8,"Village Revenue Assistant VRA - Boya Satyanarayana",919848010537,2026-08-18T14:22:14.748Z
cmsyr4pm300gqv3ts46c2lclb,"Irrigation Department Assistant - Bakkathatla Ravinder",919848010538,2026-08-18T14:22:14.956Z
cmsyr4prr00grv3tsqxsdegba,"Handloom Officers Association Director - Dondapati Mahendar",919848010539,2026-08-18T14:22:15.159Z
cmsyr4py200gsv3ts42jjpdab,"Police Sub-Inspector - Gode Ramesh",919848010540,2026-08-18T14:22:15.365Z
cmsyr4q3r00gtv3tsejfcxu0z,"Police Assistant Sub-Inspector - Nandikanti Suresh",919848010541,2026-08-18T14:22:15.592Z
cmsyr4qay00guv3tsz6wgrsap,"Police Head Constable - Gande Yadagiri",919848010542,2026-08-18T14:22:15.850Z
cmsyr4qgo00gvv3tsf5b4ois3,"Revenue Inspector - Chintala Anjaiah",919848010543,2026-08-18T14:22:16.056Z
cmsyr4qsa00gxv3tsjxyw85ss,"Junior Revenue Assistant - Chilukuri Chandraiah",919848010545,2026-08-18T14:22:16.474Z
cmsyr4qxx00gyv3tsbugegbus,"Electricity Line Inspector - Koyyada Lingaiah",919848010546,2026-08-18T14:22:16.677Z
cmsyr4r3j00gzv3tsrutct4b0,"Electrical Assistant Engineer - Gangapuram Gopal",919848010547,2026-08-18T14:22:16.879Z
cmsyr4r9500h0v3ts1de3eqt2,"Panchayati Raj Field Officer - Rikkala Rajesh",919848010548,2026-08-18T14:22:17.081Z
cmsyr4rge00h1v3tstqdnicmv,"Gram Panchayat Ward Member - Nalla Balu",919848010549,2026-08-18T14:22:17.342Z
cmsyr4rm400h2v3tshgm5unkh,"Cooperative Society Director - Katakam Goud",919848010550,2026-08-18T14:22:17.548Z
cmsyr4rrt00h3v3tsvmirgmjg,"Agriculture Extension Officer - Survi Reddy",919848010551,2026-08-18T14:22:17.753Z
cmsyr4rxj00h4v3tsvkg03bwt,"Veterinary Hospital Assistant - Poloju Rao",919848010552,2026-08-18T14:22:17.960Z
cmsyr4s3a00h5v3tsba54mb8r,"Public Works Department Officer - Guddati Gupta",919848010553,2026-08-18T14:22:18.166Z
cmsyr4s9300h6v3tsshsdzlcs,"Anganwadi Sector Supervisor - Beerla Kumar",919848010554,2026-08-18T14:22:18.376Z
cmsyr4ser00h7v3tswa25ptob,"Primary Health Center Medical Officer - Taduri Prasad",919848010555,2026-08-18T14:22:18.580Z
cmsyr4ski00h8v3tszovpci4c,"Asha Health Worker Incharge - Marri Shekhar",919848010556,2026-08-18T14:22:18.786Z
cmsyr4sq900h9v3tsqt4x9uyt,"Village Revenue Assistant VRA - Pulugari Venu",919848010557,2026-08-18T14:22:18.993Z
cmsyr4svz00hav3ts0o4rjctt,"Irrigation Department Assistant - Bairikonda Chary",919848010558,2026-08-18T14:22:19.200Z
cmt4162mb009wv3ccj69vjviu,"Revenue Inspector - Gode Gopal",+919848010743,2026-08-22T07:02:05.507Z
cmsyr4t7j00hcv3tsfdv7gwz9,"Police Sub-Inspector - Bandari Mallaiah",919848010560,2026-08-18T14:22:19.616Z
cmsyr4tdd00hdv3tsu8ba1ynh,"Police Assistant Sub-Inspector - Battu Narsimha",919848010561,2026-08-18T14:22:19.826Z
cmsyr4tj500hev3tsltnak45a,"Police Head Constable - Vangala Srinivas",919848010562,2026-08-18T14:22:20.033Z
cmsyr4tow00hfv3tsd6yavjde,"Revenue Inspector - Komatireddy Venkatesh",919848010563,2026-08-18T14:22:20.241Z
cmsyr4tv700hgv3tsa60tilmg,"Senior Revenue Assistant - Ubbu Bhikshapathi",919848010564,2026-08-18T14:22:20.467Z
cmsyr4u0y00hhv3ts6s0f7cjr,"Junior Revenue Assistant - Venreddy Satyanarayana",919848010565,2026-08-18T14:22:20.675Z
cmsyr4u6q00hiv3tsgdwb98zw,"Electricity Line Inspector - Boya Ravinder",919848010566,2026-08-18T14:22:20.882Z
cmsyr4ucd00hjv3tsv8iwc08i,"Electrical Assistant Engineer - Bakkathatla Mahendar",919848010567,2026-08-18T14:22:21.085Z
cmsyr4ui200hkv3tsl1nl9um5,"Panchayati Raj Field Officer - Dondapati Ramesh",919848010568,2026-08-18T14:22:21.291Z
cmsyr4uns00hlv3tsrau3fetr,"Gram Panchayat Ward Member - Gode Suresh",919848010569,2026-08-18T14:22:21.496Z
cmsyr4uth00hmv3ts2wmquft1,"Cooperative Society Director - Nandikanti Yadagiri",919848010570,2026-08-18T14:22:21.701Z
cmsyr4uz900hnv3tsuwncypz8,"Agriculture Extension Officer - Gande Anjaiah",919848010571,2026-08-18T14:22:21.909Z
cmsyr4v5200hov3tsfx9g5ftf,"Veterinary Hospital Assistant - Chintala Shankar",919848010572,2026-08-18T14:22:22.119Z
cmsyr4vas00hpv3tsub79ximx,"Public Works Department Officer - Gutta Chandraiah",919848010573,2026-08-18T14:22:22.324Z
cmsyr4vgw00hqv3tsy5dwbalb,"Anganwadi Sector Supervisor - Chilukuri Lingaiah",919848010574,2026-08-18T14:22:22.544Z
cmsyr4vt200hsv3tstvvjgte3,"Asha Health Worker Incharge - Gangapuram Rajesh",919848010576,2026-08-18T14:22:22.983Z
cmsyr4vyu00htv3tsppoalcga,"Village Revenue Assistant VRA - Rikkala Balu",919848010577,2026-08-18T14:22:23.190Z
cmsyr4waq00huv3tsivccltvt,"Irrigation Department Assistant - Nalla Goud",919848010578,2026-08-18T14:22:23.618Z
cmsyr4wgk00hvv3ts13xj08qe,"Handloom Officers Association Director - Katakam Reddy",919848010579,2026-08-18T14:22:23.828Z
cmsyr4wmf00hwv3tsgpuw97a5,"Police Sub-Inspector - Survi Rao",919848010580,2026-08-18T14:22:24.039Z
cmsyr4ws700hxv3tsi4j3dpdb,"Police Assistant Sub-Inspector - Poloju Gupta",919848010581,2026-08-18T14:22:24.247Z
cmsyr4wxy00hyv3tsow33v6zp,"Police Head Constable - Guddati Kumar",919848010582,2026-08-18T14:22:24.454Z
cmsyr4x3o00hzv3tsionvb4bq,"Revenue Inspector - Beerla Prasad",919848010583,2026-08-18T14:22:24.660Z
cmsyr4x9d00i0v3tsn0o8b4vv,"Senior Revenue Assistant - Taduri Shekhar",919848010584,2026-08-18T14:22:24.865Z
cmsyr4xf100i1v3tsyefqidl8,"Junior Revenue Assistant - Marri Venu",919848010585,2026-08-18T14:22:25.069Z
cmsyr4xko00i2v3tsdxtqq5tv,"Electricity Line Inspector - Pulugari Chary",919848010586,2026-08-18T14:22:25.273Z
cmsyr4xqf00i3v3tso4a16ozk,"Electrical Assistant Engineer - Bairikonda Nayak",919848010587,2026-08-18T14:22:25.480Z
cmsyr4xw700i4v3tsjz55xgtv,"Panchayati Raj Field Officer - Palle Mallaiah",919848010588,2026-08-18T14:22:25.687Z
cmsyr4y2100i5v3tsdeew0hrh,"Gram Panchayat Ward Member - Bandari Narsimha",919848010589,2026-08-18T14:22:25.898Z
cmsyr4y7v00i6v3tsoh9qhg9m,"Cooperative Society Director - Battu Srinivas",919848010590,2026-08-18T14:22:26.108Z
cmsyr4ydi00i7v3tswvghm8fy,"Agriculture Extension Officer - Vangala Venkatesh",919848010591,2026-08-18T14:22:26.311Z
cmsyr4yj500i8v3ts4l4cpxmb,"Veterinary Hospital Assistant - Komatireddy Bhikshapathi",919848010592,2026-08-18T14:22:26.513Z
cmsyr4yov00i9v3ts531xxkpx,"Public Works Department Officer - Ubbu Satyanarayana",919848010593,2026-08-18T14:22:26.719Z
cmsyr4yup00iav3tsxpecqxcf,"Anganwadi Sector Supervisor - Venreddy Ravinder",919848010594,2026-08-18T14:22:26.929Z
cmsyr4z6900icv3tsz7i72oat,"Asha Health Worker Incharge - Bakkathatla Ramesh",919848010596,2026-08-18T14:22:27.346Z
cmsyr4zd700idv3ts7d03b1r7,"Village Revenue Assistant VRA - Dondapati Suresh",919848010597,2026-08-18T14:22:27.595Z
cmsyr4zj500iev3tsff6vvt8m,"Irrigation Department Assistant - Gode Yadagiri",919848010598,2026-08-18T14:22:27.809Z
cmsyr4zot00ifv3ts58nb97fh,"Handloom Officers Association Director - Nandikanti Anjaiah",919848010599,2026-08-18T14:22:28.013Z
cmsyr4zug00igv3ts8fqjohzn,"Police Sub-Inspector - Gande Shankar",919848010600,2026-08-18T14:22:28.216Z
cmsyr500200ihv3tsi1mteiwd,"Police Assistant Sub-Inspector - Chintala Chandraiah",919848010601,2026-08-18T14:22:28.419Z
cmsyr505u00iiv3tshpii02ue,"Police Head Constable - Gutta Lingaiah",919848010602,2026-08-18T14:22:28.627Z
cmsyr50bk00ijv3ts2qakmbkz,"Revenue Inspector - Chilukuri Gopal",919848010603,2026-08-18T14:22:28.832Z
cmsyr50hf00ikv3tsihv9hqcd,"Senior Revenue Assistant - Koyyada Rajesh",919848010604,2026-08-18T14:22:29.043Z
cmsyr50nj00ilv3ts34q4mn63,"Junior Revenue Assistant - Gangapuram Balu",919848010605,2026-08-18T14:22:29.263Z
cmsyr50ti00imv3tsuygiaaoz,"Electricity Line Inspector - Rikkala Goud",919848010606,2026-08-18T14:22:29.478Z
cmsyr50z700inv3tsoqt5de77,"Electrical Assistant Engineer - Nalla Reddy",919848010607,2026-08-18T14:22:29.683Z
cmsyr514y00iov3tsvhvjrul3,"Panchayati Raj Field Officer - Katakam Rao",919848010608,2026-08-18T14:22:29.890Z
cmsyr51ao00ipv3tsj3z3jo6i,"Gram Panchayat Ward Member - Survi Gupta",919848010609,2026-08-18T14:22:30.096Z
cmsyr51gc00iqv3tscu0fzdu9,"Cooperative Society Director - Poloju Kumar",919848010610,2026-08-18T14:22:30.301Z
cmsyr51mm00irv3tsv15qpwgu,"Agriculture Extension Officer - Guddati Prasad",919848010611,2026-08-18T14:22:30.527Z
cmsyr51sr00isv3tsqqms9jx0,"Veterinary Hospital Assistant - Beerla Shekhar",919848010612,2026-08-18T14:22:30.747Z
cmsyr51yi00itv3tsa9ypey32,"Public Works Department Officer - Taduri Venu",919848010613,2026-08-18T14:22:30.955Z
cmsyr524800iuv3tspwgm6nga,"Anganwadi Sector Supervisor - Marri Chary",919848010614,2026-08-18T14:22:31.161Z
cmsyr52g600iwv3ts50dc4qni,"Asha Health Worker Incharge - Bairikonda Mallaiah",919848010616,2026-08-18T14:22:31.590Z
cmsyr52lu00ixv3tsedz1n491,"Village Revenue Assistant VRA - Palle Narsimha",919848010617,2026-08-18T14:22:31.794Z
cmsyr52rk00iyv3ts6cw59i3l,"Irrigation Department Assistant - Bandari Srinivas",919848010618,2026-08-18T14:22:32.001Z
cmsyr52yd00izv3ts5o0dewz9,"Handloom Officers Association Director - Battu Venkatesh",919848010619,2026-08-18T14:22:32.246Z
cmsyr534700j0v3tsy5rghxfm,"Police Sub-Inspector - Vangala Bhikshapathi",919848010620,2026-08-18T14:22:32.455Z
cmsyr539w00j1v3tsf5s956rx,"Police Assistant Sub-Inspector - Komatireddy Satyanarayana",919848010621,2026-08-18T14:22:32.661Z
cmsyr53fm00j2v3tsbhxls094,"Police Head Constable - Ubbu Ravinder",919848010622,2026-08-18T14:22:32.866Z
cmsyr53ld00j3v3tsdvq7754e,"Revenue Inspector - Venreddy Mahendar",919848010623,2026-08-18T14:22:33.074Z
cmsyr53r500j4v3tsjiws0etw,"Senior Revenue Assistant - Boya Ramesh",919848010624,2026-08-18T14:22:33.281Z
cmsyr53wt00j5v3ts3g4md9lj,"Junior Revenue Assistant - Bakkathatla Suresh",919848010625,2026-08-18T14:22:33.486Z
cmsyr542p00j6v3ts96eoq998,"Electricity Line Inspector - Dondapati Yadagiri",919848010626,2026-08-18T14:22:33.697Z
cmsyr548d00j7v3ts9fiucjet,"Electrical Assistant Engineer - Gode Anjaiah",919848010627,2026-08-18T14:22:33.901Z
cmsyr54e400j8v3ts5q6r0uwt,"Panchayati Raj Field Officer - Nandikanti Shankar",919848010628,2026-08-18T14:22:34.108Z
cmsyr54jv00j9v3ts9148579m,"Gram Panchayat Ward Member - Gande Chandraiah",919848010629,2026-08-18T14:22:34.315Z
cmsyr54py00jav3tsezrhvqbi,"Cooperative Society Director - Chintala Lingaiah",919848010630,2026-08-18T14:22:34.534Z
cmsyr558d00jcv3tsnb6yttyr,"Veterinary Hospital Assistant - Chilukuri Rajesh",919848010632,2026-08-18T14:22:35.197Z
cmsyr55e100jdv3ts0e8sz7ju,"Public Works Department Officer - Koyyada Balu",919848010633,2026-08-18T14:22:35.402Z
cmsyr55jr00jev3tsed1mks57,"Anganwadi Sector Supervisor - Gangapuram Goud",919848010634,2026-08-18T14:22:35.608Z
cmsyr55po00jfv3tsagwagh99,"Primary Health Center Medical Officer - Rikkala Reddy",919848010635,2026-08-18T14:22:35.820Z
cmsyr55ve00jgv3ts0fr8rot1,"Asha Health Worker Incharge - Nalla Rao",919848010636,2026-08-18T14:22:36.026Z
cmsyr561300jhv3ts46lebreb,"Village Revenue Assistant VRA - Katakam Gupta",919848010637,2026-08-18T14:22:36.232Z
cmsyr566s00jiv3tsrfi5sjgw,"Irrigation Department Assistant - Survi Kumar",919848010638,2026-08-18T14:22:36.436Z
cmsyr56ci00jjv3tsugf0afwg,"Handloom Officers Association Director - Poloju Prasad",919848010639,2026-08-18T14:22:36.642Z
cmsyr56ia00jkv3tsn9axzmq5,"Police Sub-Inspector - Guddati Shekhar",919848010640,2026-08-18T14:22:36.851Z
cmsyr56o600jlv3ts2ykbfzp4,"Police Assistant Sub-Inspector - Beerla Venu",919848010641,2026-08-18T14:22:37.062Z
cmsyr56tt00jmv3tsorwu0jwy,"Police Head Constable - Taduri Chary",919848010642,2026-08-18T14:22:37.266Z
cmsyr570600jnv3tsx9xzg5p1,"Revenue Inspector - Marri Nayak",919848010643,2026-08-18T14:22:37.494Z
cmsyr57h700jqv3tsf10l60ck,"Electricity Line Inspector - Palle Srinivas",919848010646,2026-08-18T14:22:38.107Z
cmsyr57mw00jrv3tsj5gi67p0,"Electrical Assistant Engineer - Bandari Venkatesh",919848010647,2026-08-18T14:22:38.312Z
cmsyr57sg00jsv3tsadzz5o0e,"Panchayati Raj Field Officer - Battu Bhikshapathi",919848010648,2026-08-18T14:22:38.513Z
cmsyr57y700jtv3tsxmvp4jpj,"Gram Panchayat Ward Member - Vangala Satyanarayana",919848010649,2026-08-18T14:22:38.720Z
cmsyr584500juv3tsv13asd6j,"Cooperative Society Director - Komatireddy Ravinder",919848010650,2026-08-18T14:22:38.933Z
cmsyr589u00jvv3tsvjiidvfn,"Agriculture Extension Officer - Ubbu Mahendar",919848010651,2026-08-18T14:22:39.138Z
cmsyr58gs00jwv3tsb14o8aaf,"Veterinary Hospital Assistant - Venreddy Ramesh",919848010652,2026-08-18T14:22:39.388Z
cmsyr58yy00jyv3ts01cs1vjf,"Anganwadi Sector Supervisor - Bakkathatla Yadagiri",919848010654,2026-08-18T14:22:40.042Z
cmsyr594p00jzv3ts9ibt1ok2,"Primary Health Center Medical Officer - Dondapati Anjaiah",919848010655,2026-08-18T14:22:40.249Z
cmsyr59ah00k0v3ts1l9egyee,"Asha Health Worker Incharge - Gode Shankar",919848010656,2026-08-18T14:22:40.458Z
cmsyr59g900k1v3ts3jc3oc4j,"Village Revenue Assistant VRA - Nandikanti Chandraiah",919848010657,2026-08-18T14:22:40.666Z
cmsyr59m100k2v3tsffycaind,"Irrigation Department Assistant - Gande Lingaiah",919848010658,2026-08-18T14:22:40.874Z
cmsyr59rp00k3v3ts5don3wqg,"Handloom Officers Association Director - Chintala Gopal",919848010659,2026-08-18T14:22:41.078Z
cmsyr59xf00k4v3tsnu1psjsq,"Police Sub-Inspector - Gutta Rajesh",919848010660,2026-08-18T14:22:41.284Z
cmsyr5a9e00k5v3tsiuotw77p,"Police Assistant Sub-Inspector - Chilukuri Balu",919848010661,2026-08-18T14:22:41.714Z
cmsyr5agh00k6v3ts5rig0645,"Police Head Constable - Koyyada Goud",919848010662,2026-08-18T14:22:41.969Z
cmsyr5am700k7v3tscd0nhh3u,"Revenue Inspector - Gangapuram Reddy",919848010663,2026-08-18T14:22:42.175Z
cmsyr5arz00k8v3tstmfu6cun,"Senior Revenue Assistant - Rikkala Rao",919848010664,2026-08-18T14:22:42.384Z
cmsyr5axs00k9v3tsi0l0frqc,"Junior Revenue Assistant - Nalla Gupta",919848010665,2026-08-18T14:22:42.592Z
cmsyr5b3p00kav3tse6g5w92q,"Electricity Line Inspector - Katakam Kumar",919848010666,2026-08-18T14:22:42.806Z
cmt4162wb009zv3cconc8kcnu,"Police Sub-Inspector - Boya Shankar",+919848010740,2026-08-22T07:02:05.868Z
cmt41633000a1v3cc144dpto6,"Irrigation Department Assistant - Ubbu Yadagiri",+919848010738,2026-08-22T07:02:06.108Z
cmsyr5bfh00kcv3ts5fxvr8cm,"Panchayati Raj Field Officer - Poloju Shekhar",919848010668,2026-08-18T14:22:43.230Z
cmsyr5bl700kdv3tsbq7wq1jg,"Gram Panchayat Ward Member - Guddati Venu",919848010669,2026-08-18T14:22:43.435Z
cmsyr5bqx00kev3tsg9augwmi,"Cooperative Society Director - Beerla Chary",919848010670,2026-08-18T14:22:43.642Z
cmsyr5bwr00kfv3tswkgp0kyu,"Agriculture Extension Officer - Taduri Nayak",919848010671,2026-08-18T14:22:43.851Z
cmsyr5c2m00kgv3tsjyqo9tko,"Veterinary Hospital Assistant - Marri Mallaiah",919848010672,2026-08-18T14:22:44.062Z
cmsyr5c8w00khv3tscoirzasg,"Public Works Department Officer - Pulugari Narsimha",919848010673,2026-08-18T14:22:44.289Z
cmsyr5cfc00kiv3ts78vjy5qm,"Anganwadi Sector Supervisor - Bairikonda Srinivas",919848010674,2026-08-18T14:22:44.521Z
cmsyr5cl300kjv3ts7xv8pueq,"Primary Health Center Medical Officer - Palle Venkatesh",919848010675,2026-08-18T14:22:44.728Z
cmsyr5cqx00kkv3tsmtho5plk,"Asha Health Worker Incharge - Bandari Bhikshapathi",919848010676,2026-08-18T14:22:44.937Z
cmsyr5cx300klv3tshzws77jk,"Village Revenue Assistant VRA - Battu Satyanarayana",919848010677,2026-08-18T14:22:45.160Z
cmsyr5d2u00kmv3ts6vkkm7uw,"Irrigation Department Assistant - Vangala Ravinder",919848010678,2026-08-18T14:22:45.366Z
cmsyr5deu00kov3tsqga592v0,"Police Sub-Inspector - Ubbu Ramesh",919848010680,2026-08-18T14:22:45.798Z
cmsyr5dki00kpv3tsrwpzr6tv,"Police Assistant Sub-Inspector - Venreddy Suresh",919848010681,2026-08-18T14:22:46.003Z
cmsyr5dq700kqv3tsl0i19hre,"Police Head Constable - Boya Yadagiri",919848010682,2026-08-18T14:22:46.207Z
cmsyr5dvw00krv3tshasg7flt,"Revenue Inspector - Bakkathatla Anjaiah",919848010683,2026-08-18T14:22:46.413Z
cmsyr5e1z00ksv3tspsauijca,"Senior Revenue Assistant - Dondapati Shankar",919848010684,2026-08-18T14:22:46.631Z
cmsyr5e8100ktv3tsytcpa9iw,"Junior Revenue Assistant - Gode Chandraiah",919848010685,2026-08-18T14:22:46.850Z
cmsyr5edv00kuv3ts5hk8tkcf,"Electricity Line Inspector - Nandikanti Lingaiah",919848010686,2026-08-18T14:22:47.059Z
cmsyr5ejo00kvv3ts6jy8pteu,"Electrical Assistant Engineer - Gande Gopal",919848010687,2026-08-18T14:22:47.268Z
cmsyr5erj00kwv3tsfcwk39p8,"Panchayati Raj Field Officer - Chintala Rajesh",919848010688,2026-08-18T14:22:47.551Z
cmsyr5exz00kxv3tspioxdadk,"Gram Panchayat Ward Member - Gutta Balu",919848010689,2026-08-18T14:22:47.783Z
cmsyr5f9z00kyv3tsmeyh4ve4,"Cooperative Society Director - Chilukuri Goud",919848010690,2026-08-18T14:22:48.215Z
cmsyr5ffm00kzv3ts3xns4ykm,"Agriculture Extension Officer - Koyyada Reddy",919848010691,2026-08-18T14:22:48.418Z
cmsyr5fla00l0v3tsemjavt70,"Veterinary Hospital Assistant - Gangapuram Rao",919848010692,2026-08-18T14:22:48.622Z
cmsyr5fr400l1v3tshbrvkkur,"Public Works Department Officer - Rikkala Gupta",919848010693,2026-08-18T14:22:48.832Z
cmsyr5fx000l2v3tsz1agvfag,"Anganwadi Sector Supervisor - Nalla Kumar",919848010694,2026-08-18T14:22:49.044Z
cmsyr5g3100l3v3tshco5xhl8,"Primary Health Center Medical Officer - Katakam Prasad",919848010695,2026-08-18T14:22:49.261Z
cmsyr5g8t00l4v3ts5s7cnpqa,"Asha Health Worker Incharge - Survi Shekhar",919848010696,2026-08-18T14:22:49.469Z
cmsyr5gem00l5v3tsixgihl7h,"Village Revenue Assistant VRA - Poloju Venu",919848010697,2026-08-18T14:22:49.679Z
cmsyr5gqq00l6v3tszti2kok1,"Irrigation Department Assistant - Guddati Chary",919848010698,2026-08-18T14:22:50.114Z
cmsyr5gwi00l7v3tsobcd7pnr,"Handloom Officers Association Director - Beerla Nayak",919848010699,2026-08-18T14:22:50.323Z
cmsyr5h2t00l8v3tsh82i8k1s,"Police Sub-Inspector - Taduri Mallaiah",919848010700,2026-08-18T14:22:50.549Z
cmsyr5h8g00l9v3tsoz6sem4z,"Police Assistant Sub-Inspector - Marri Narsimha",919848010701,2026-08-18T14:22:50.753Z
cmsyr5he700lav3tsneuldseo,"Police Head Constable - Pulugari Srinivas",919848010702,2026-08-18T14:22:50.959Z
cmsyr5hpj00lcv3tssyl37n7o,"Senior Revenue Assistant - Palle Bhikshapathi",919848010704,2026-08-18T14:22:51.367Z
cmsyr5hva00ldv3ts3gy0y300,"Junior Revenue Assistant - Bandari Satyanarayana",919848010705,2026-08-18T14:22:51.574Z
cmsyr5i0w00lev3tsrzvp17n2,"Electricity Line Inspector - Battu Ravinder",919848010706,2026-08-18T14:22:51.776Z
cmsyr5i7300lfv3ts0ntfuusu,"Electrical Assistant Engineer - Vangala Mahendar",919848010707,2026-08-18T14:22:51.999Z
cmsyr5icr00lgv3ts3p2vdecl,"Panchayati Raj Field Officer - Komatireddy Ramesh",919848010708,2026-08-18T14:22:52.203Z
cmsyr5iig00lhv3ts6plrvhqq,"Gram Panchayat Ward Member - Ubbu Suresh",919848010709,2026-08-18T14:22:52.409Z
cmsyr5io700liv3tsdeweu4c0,"Cooperative Society Director - Venreddy Yadagiri",919848010710,2026-08-18T14:22:52.616Z
cmsyr5itw00ljv3tsfqvnmka4,"Agriculture Extension Officer - Boya Anjaiah",919848010711,2026-08-18T14:22:52.821Z
cmsyr5izo00lkv3tsgx8t08jm,"Veterinary Hospital Assistant - Bakkathatla Shankar",919848010712,2026-08-18T14:22:53.028Z
cmsyr5jb200lmv3tszlr18r56,"Anganwadi Sector Supervisor - Gode Lingaiah",919848010714,2026-08-18T14:22:53.438Z
cmsyr5jh000lnv3tsx0eetew6,"Primary Health Center Medical Officer - Nandikanti Gopal",919848010715,2026-08-18T14:22:53.652Z
cmsyr5jsw00lov3tsrwsiq0r7,"Asha Health Worker Incharge - Gande Rajesh",919848010716,2026-08-18T14:22:54.080Z
cmsyr5jyo00lpv3tsxqw4tprh,"Village Revenue Assistant VRA - Chintala Balu",919848010717,2026-08-18T14:22:54.289Z
cmsyr5k4d00lqv3ts70ab0byy,"Irrigation Department Assistant - Gutta Goud",919848010718,2026-08-18T14:22:54.493Z
cmsyr5ka100lrv3tsbfsbpaa8,"Handloom Officers Association Director - Chilukuri Reddy",919848010719,2026-08-18T14:22:54.697Z
cmsyr5kfr00lsv3tsqwj1a9i1,"Police Sub-Inspector - Koyyada Rao",919848010720,2026-08-18T14:22:54.903Z
cmsyr5klc00ltv3tsa6f3bv82,"Police Assistant Sub-Inspector - Gangapuram Gupta",919848010721,2026-08-18T14:22:55.104Z
cmsyr5kr200luv3tsh7zwybuh,"Police Head Constable - Rikkala Kumar",919848010722,2026-08-18T14:22:55.310Z
cmsyr5kws00lvv3tsuk9dk1hg,"Revenue Inspector - Nalla Prasad",919848010723,2026-08-18T14:22:55.516Z
cmsyr5l2j00lwv3tsikrl0wvt,"Senior Revenue Assistant - Katakam Shekhar",919848010724,2026-08-18T14:22:55.724Z
cmsyr5lef00lxv3ts6o2j49q4,"Junior Revenue Assistant - Survi Venu",919848010725,2026-08-18T14:22:56.151Z
cmsyr5lk100lyv3tss06uv8xz,"Electricity Line Inspector - Poloju Chary",919848010726,2026-08-18T14:22:56.354Z
cmsyr5lpp00lzv3ts98cxz71z,"Electrical Assistant Engineer - Guddati Nayak",919848010727,2026-08-18T14:22:56.557Z
cmsyr5lvb00m0v3tsmj6i5gau,"Panchayati Raj Field Officer - Beerla Mallaiah",919848010728,2026-08-18T14:22:56.759Z
cmsyr5m7300m1v3tsub4g4qlk,"Gram Panchayat Ward Member - Taduri Narsimha",919848010729,2026-08-18T14:22:57.184Z
cmsyr5mcu00m2v3tsmlgupnt4,"Cooperative Society Director - Marri Srinivas",919848010730,2026-08-18T14:22:57.391Z
cmsyr5mio00m3v3tsfvki9o7w,"Agriculture Extension Officer - Pulugari Venkatesh",919848010731,2026-08-18T14:22:57.600Z
cmsyr5mok00m4v3ts0q2r45cn,"Veterinary Hospital Assistant - Bairikonda Bhikshapathi",919848010732,2026-08-18T14:22:57.813Z
cmsyr5muc00m5v3tsm5zm91c9,"Public Works Department Officer - Palle Satyanarayana",919848010733,2026-08-18T14:22:58.021Z
cmsyr5n0h00m6v3tsh5hg7sun,"Anganwadi Sector Supervisor - Bandari Ravinder",919848010734,2026-08-18T14:22:58.241Z
cmsyr5n6m00m7v3tsgus7axdy,"Primary Health Center Medical Officer - Battu Mahendar",919848010735,2026-08-18T14:22:58.462Z
cmsyr5ncf00m8v3tsbfzlz9sf,"Asha Health Worker Incharge - Vangala Ramesh",919848010736,2026-08-18T14:22:58.671Z
cmsyr5ni900m9v3tsydrhikj6,"Village Revenue Assistant VRA - Komatireddy Suresh",919848010737,2026-08-18T14:22:58.882Z
cmsyr5no100mav3tsdf936e58,"Irrigation Department Assistant - Ubbu Yadagiri",919848010738,2026-08-18T14:22:59.089Z
cmsyr5nzj00mcv3tssc2bx8lb,"Police Sub-Inspector - Boya Shankar",919848010740,2026-08-18T14:22:59.504Z
cmsyr5o5b00mdv3ts71oq1h9j,"Police Assistant Sub-Inspector - Bakkathatla Chandraiah",919848010741,2026-08-18T14:22:59.711Z
cmsyr5ob300mev3ts8d3595nf,"Police Head Constable - Dondapati Lingaiah",919848010742,2026-08-18T14:22:59.919Z
cmsyr5on200mfv3tspjk5kjws,"Revenue Inspector - Gode Gopal",919848010743,2026-08-18T14:23:00.350Z
cmsyr5otn00mgv3ts8oncx0k3,"Senior Revenue Assistant - Nandikanti Rajesh",919848010744,2026-08-18T14:23:00.568Z
cmsyr5ozg00mhv3tswu89zpx6,"Junior Revenue Assistant - Gande Balu",919848010745,2026-08-18T14:23:00.797Z
cmsyr5p6700miv3ts7ovwtujd,"Electricity Line Inspector - Chintala Goud",919848010746,2026-08-18T14:23:01.040Z
cmsyr5pc000mjv3tsyvmjk3tm,"Electrical Assistant Engineer - Gutta Reddy",919848010747,2026-08-18T14:23:01.249Z
cmsyr5phq00mkv3ts1yiuan34,"Panchayati Raj Field Officer - Chilukuri Rao",919848010748,2026-08-18T14:23:01.454Z
cmsyr5pni00mlv3ts37b66zxa,"Gram Panchayat Ward Member - Koyyada Gupta",919848010749,2026-08-18T14:23:01.662Z
cmsyr5pt800mmv3tsv2h16w2g,"Cooperative Society Director - Gangapuram Kumar",919848010750,2026-08-18T14:23:01.868Z
cmsyr5pzd00mnv3tsrisrn4q9,"Agriculture Extension Officer - Rikkala Prasad",919848010751,2026-08-18T14:23:02.089Z
cmsyr5q5e00mov3ts54o5b8vn,"Veterinary Hospital Assistant - Nalla Shekhar",919848010752,2026-08-18T14:23:02.307Z
cmsyr5qb000mpv3tskhqgtr4x,"Public Works Department Officer - Katakam Venu",919848010753,2026-08-18T14:23:02.508Z
cmsyr5qia00mqv3tsrplk6mpw,"Anganwadi Sector Supervisor - Survi Chary",919848010754,2026-08-18T14:23:02.770Z
cmsyr5qo700mrv3tsvdjgals2,"Primary Health Center Medical Officer - Poloju Nayak",919848010755,2026-08-18T14:23:02.984Z
cmsyr5r0a00msv3tsy1nzdb9b,"Asha Health Worker Incharge - Guddati Mallaiah",919848010756,2026-08-18T14:23:03.419Z
cmsyr5r5z00mtv3ts9am24dbc,"Village Revenue Assistant VRA - Beerla Narsimha",919848010757,2026-08-18T14:23:03.623Z
cmsyr5rbj00muv3tsaoyhaxad,"Irrigation Department Assistant - Taduri Srinivas",919848010758,2026-08-18T14:23:03.823Z
cmsyr5rh400mvv3ts6nnvplf4,"Handloom Officers Association Director - Marri Venkatesh",919848010759,2026-08-18T14:23:04.024Z
cmsyr5rml00mwv3ts0p5mkj17,"Police Sub-Inspector - Pulugari Bhikshapathi",919848010760,2026-08-18T14:23:04.222Z
cmsyr5rs300mxv3tshnfnn3va,"Police Assistant Sub-Inspector - Bairikonda Satyanarayana",919848010761,2026-08-18T14:23:04.420Z
cmsyr5rxm00myv3tsi2kao7sk,"Police Head Constable - Palle Ravinder",919848010762,2026-08-18T14:23:04.618Z
cmsyr5s3700mzv3ts0tnwovoh,"Revenue Inspector - Bandari Mahendar",919848010763,2026-08-18T14:23:04.820Z
cmsyr5s8p00n0v3tsj9bovwfi,"Senior Revenue Assistant - Battu Ramesh",919848010764,2026-08-18T14:23:05.017Z
cmsyr5sea00n1v3tsm3ccupwb,"Junior Revenue Assistant - Vangala Suresh",919848010765,2026-08-18T14:23:05.218Z
cmsyr5sjy00n2v3tso6rs40l1,"Electricity Line Inspector - Komatireddy Yadagiri",919848010766,2026-08-18T14:23:05.422Z
cmsyr5spj00n3v3tsw6k6o9n2,"Electrical Assistant Engineer - Ubbu Anjaiah",919848010767,2026-08-18T14:23:05.623Z
cmsyr5t2000n5v3ts8lr9pzw6,"Gram Panchayat Ward Member - Boya Chandraiah",919848010769,2026-08-18T14:23:06.072Z
cmsyr5t7m00n6v3tscdye13ad,"Cooperative Society Director - Bakkathatla Lingaiah",919848010770,2026-08-18T14:23:06.274Z
cmsyr5tj100n8v3tsop9mtbsc,"Veterinary Hospital Assistant - Gode Rajesh",919848010772,2026-08-18T14:23:06.685Z
cmsyr5tp200n9v3tszwf6dos0,"Public Works Department Officer - Nandikanti Balu",919848010773,2026-08-18T14:23:06.903Z
cmsyr5tuq00nav3tslc8p2zlj,"Anganwadi Sector Supervisor - Gande Goud",919848010774,2026-08-18T14:23:07.107Z
cmt4163gh00a5v3ccjymxlkbv,"Anganwadi Sector Supervisor - Bandari Ravinder",+919848010734,2026-08-22T07:02:06.593Z
cmt4163jt00a6v3ccy9kk90to,"Public Works Department Officer - Palle Satyanarayana",+919848010733,2026-08-22T07:02:06.713Z
cmsyr5u6300ncv3ts5uh7g8di,"Asha Health Worker Incharge - Gutta Rao",919848010776,2026-08-18T14:23:07.516Z
cmsyr5ucx00ndv3tslguciy5f,"Village Revenue Assistant VRA - Chilukuri Gupta",919848010777,2026-08-18T14:23:07.762Z
cmsyr5uio00nev3ts6tabn7oy,"Irrigation Department Assistant - Koyyada Kumar",919848010778,2026-08-18T14:23:07.968Z
cmsyr5uol00nfv3tsdanpb1ew,"Handloom Officers Association Director - Gangapuram Prasad",919848010779,2026-08-18T14:23:08.182Z
cmsyr5v6l00nhv3tsc6mt9ylv,"Police Assistant Sub-Inspector - Nalla Venu",919848010781,2026-08-18T14:23:08.830Z
cmsyr5vc600niv3tsl21h7cly,"Police Head Constable - Katakam Chary",919848010782,2026-08-18T14:23:09.030Z
cmsyr5vht00njv3tsodgodaxp,"Revenue Inspector - Survi Nayak",919848010783,2026-08-18T14:23:09.233Z
cmsyr5vnd00nkv3ts4f8ksh51,"Senior Revenue Assistant - Poloju Mallaiah",919848010784,2026-08-18T14:23:09.434Z
cmsyr5vu400nlv3tskvuoef7y,"Junior Revenue Assistant - Guddati Narsimha",919848010785,2026-08-18T14:23:09.676Z
cmsyr5w5y00nmv3ts52afig7d,"Electricity Line Inspector - Beerla Srinivas",919848010786,2026-08-18T14:23:10.103Z
cmsyr5wbk00nnv3ts2yvod0ci,"Electrical Assistant Engineer - Taduri Venkatesh",919848010787,2026-08-18T14:23:10.304Z
cmsyr5whc00nov3tsdgydekl8,"Panchayati Raj Field Officer - Marri Bhikshapathi",919848010788,2026-08-18T14:23:10.512Z
cmsyr5wn000npv3tsup126f2p,"Gram Panchayat Ward Member - Pulugari Satyanarayana",919848010789,2026-08-18T14:23:10.716Z
cmsyr5wsx00nqv3tsywmina40,"Cooperative Society Director - Bairikonda Ravinder",919848010790,2026-08-18T14:23:10.929Z
cmsyr5wyi00nrv3ts6rzco22w,"Agriculture Extension Officer - Palle Mahendar",919848010791,2026-08-18T14:23:11.130Z
cmsyr5x4m00nsv3tse2ycoudj,"Veterinary Hospital Assistant - Bandari Ramesh",919848010792,2026-08-18T14:23:11.350Z
cmsyr5xak00ntv3ts45gl46wi,"Public Works Department Officer - Battu Suresh",919848010793,2026-08-18T14:23:11.565Z
cmsyr5xt000nuv3tstjm4lwfm,"Anganwadi Sector Supervisor - Vangala Yadagiri",919848010794,2026-08-18T14:23:12.229Z
cmsyr5xyw00nvv3tsmvduijyp,"Primary Health Center Medical Officer - Komatireddy Anjaiah",919848010795,2026-08-18T14:23:12.441Z
cmsyr5yaw00nwv3tsn6064i41,"Asha Health Worker Incharge - Ubbu Shankar",919848010796,2026-08-18T14:23:12.873Z
cmsyr5ygj00nxv3ts4fdfrobt,"Village Revenue Assistant VRA - Venreddy Chandraiah",919848010797,2026-08-18T14:23:13.076Z
cmsyr5ysd00nyv3tsfddy1ztn,"Irrigation Department Assistant - Boya Lingaiah",919848010798,2026-08-18T14:23:13.501Z
cmsyr5yy100nzv3tsflcw1ogp,"Handloom Officers Association Director - Bakkathatla Gopal",919848010799,2026-08-18T14:23:13.705Z
cmsyr5z3l00o0v3ts7zqv3yew,"Police Sub-Inspector - Dondapati Rajesh",919848010800,2026-08-18T14:23:13.905Z
cmsyr5z9900o1v3tsjkxznpe1,"Police Assistant Sub-Inspector - Gode Balu",919848010801,2026-08-18T14:23:14.109Z
cmsyr5zex00o2v3tsi90dpepu,"Police Head Constable - Nandikanti Goud",919848010802,2026-08-18T14:23:14.313Z
cmsyr5zkp00o3v3tsaf6utodf,"Revenue Inspector - Gande Reddy",919848010803,2026-08-18T14:23:14.521Z
cmsyr5zrw00o4v3ts45kknjn2,"Senior Revenue Assistant - Chintala Rao",919848010804,2026-08-18T14:23:14.780Z
cmsyr5zyr00o5v3tszur720y5,"Junior Revenue Assistant - Gutta Gupta",919848010805,2026-08-18T14:23:15.028Z
cmsyr604700o6v3ts5a5fba8r,"Electricity Line Inspector - Chilukuri Kumar",919848010806,2026-08-18T14:23:15.224Z
cmsyr609r00o7v3ts2etf7q7z,"Electrical Assistant Engineer - Koyyada Prasad",919848010807,2026-08-18T14:23:15.424Z
cmsyr60ft00o8v3ts2qrzx9xr,"Panchayati Raj Field Officer - Gangapuram Shekhar",919848010808,2026-08-18T14:23:15.621Z
cmsyr60lb00o9v3tsd1q6r1st,"Gram Panchayat Ward Member - Rikkala Venu",919848010809,2026-08-18T14:23:15.839Z
cmsyr60qs00oav3ts6plovp7v,"Cooperative Society Director - Nalla Chary",919848010810,2026-08-18T14:23:16.036Z
cmsyr612900ocv3tsdsg8cmbe,"Veterinary Hospital Assistant - Survi Mallaiah",919848010812,2026-08-18T14:23:16.450Z
cmsyr617w00odv3tsyysl3ikl,"Public Works Department Officer - Poloju Narsimha",919848010813,2026-08-18T14:23:16.653Z
cmsyr61q100oev3tsahmgk2f6,"Anganwadi Sector Supervisor - Guddati Srinivas",919848010814,2026-08-18T14:23:17.306Z
cmsyr628b00ofv3ts2ucj6oav,"Primary Health Center Medical Officer - Beerla Venkatesh",919848010815,2026-08-18T14:23:17.963Z
cmsyr62k400ogv3ts3wcs2fqe,"Asha Health Worker Incharge - Taduri Bhikshapathi",919848010816,2026-08-18T14:23:18.388Z
cmsyr62q100ohv3tsz2ntvdhq,"Village Revenue Assistant VRA - Marri Satyanarayana",919848010817,2026-08-18T14:23:18.602Z
cmsyr632900oiv3ts9ky7cf4y,"Irrigation Department Assistant - Pulugari Ravinder",919848010818,2026-08-18T14:23:19.042Z
cmsyr63ek00ojv3tsycyigr7w,"Handloom Officers Association Director - Bairikonda Mahendar",919848010819,2026-08-18T14:23:19.485Z
cmsyr63k600okv3tsftbduvle,"Police Sub-Inspector - Palle Ramesh",919848010820,2026-08-18T14:23:19.686Z
cmsyr63ps00olv3tsh8qtsv61,"Police Assistant Sub-Inspector - Bandari Suresh",919848010821,2026-08-18T14:23:19.889Z
cmsyr63vf00omv3tsnmjmz4jk,"Police Head Constable - Battu Yadagiri",919848010822,2026-08-18T14:23:20.092Z
cmsyr641v00onv3ts3h9il628,"Revenue Inspector - Vangala Anjaiah",919848010823,2026-08-18T14:23:20.323Z
cmsyr64dz00oov3ts7voyo4ow,"Senior Revenue Assistant - Komatireddy Shankar",919848010824,2026-08-18T14:23:20.759Z
cmsyr64jr00opv3tsewxpm4t8,"Junior Revenue Assistant - Ubbu Chandraiah",919848010825,2026-08-18T14:23:20.967Z
cmsyr64v800orv3ts86cfk5m2,"Electrical Assistant Engineer - Boya Gopal",919848010827,2026-08-18T14:23:21.381Z
cmsyr650r00osv3tsa5ua9kk6,"Panchayati Raj Field Officer - Bakkathatla Rajesh",919848010828,2026-08-18T14:23:21.580Z
cmsyr656b00otv3tsif2hhmql,"Gram Panchayat Ward Member - Dondapati Balu",919848010829,2026-08-18T14:23:21.780Z
cmsyr65bt00ouv3tsv2b60u1r,"Cooperative Society Director - Gode Goud",919848010830,2026-08-18T14:23:21.978Z
cmsyr65hf00ovv3tsm065aic6,"Agriculture Extension Officer - Nandikanti Reddy",919848010831,2026-08-18T14:23:22.179Z
cmsyr65n100owv3tsoqgwhzai,"Veterinary Hospital Assistant - Gande Rao",919848010832,2026-08-18T14:23:22.381Z
cmsyr65sm00oxv3tsojcs1uos,"Public Works Department Officer - Chintala Gupta",919848010833,2026-08-18T14:23:22.583Z
cmsyr664m00oyv3tsp9r2kh5x,"Anganwadi Sector Supervisor - Gutta Kumar",919848010834,2026-08-18T14:23:23.014Z
cmsyr66ag00ozv3tsss8onwli,"Primary Health Center Medical Officer - Chilukuri Prasad",919848010835,2026-08-18T14:23:23.225Z
cmsyr66g500p0v3tss3bb7ngt,"Asha Health Worker Incharge - Koyyada Shekhar",919848010836,2026-08-18T14:23:23.429Z
cmsyr66lw00p1v3tspngn0vyk,"Village Revenue Assistant VRA - Gangapuram Venu",919848010837,2026-08-18T14:23:23.637Z
cmsyr66ta00p2v3ts6gxqmip8,"Irrigation Department Assistant - Rikkala Chary",919848010838,2026-08-18T14:23:23.902Z
cmsyr66z100p3v3tsyyzj2gju,"Handloom Officers Association Director - Nalla Nayak",919848010839,2026-08-18T14:23:24.109Z
cmsyr674u00p4v3tsz7ayozlj,"Police Sub-Inspector - Katakam Mallaiah",919848010840,2026-08-18T14:23:24.318Z
cmsyr67ai00p5v3ts4r9orl5h,"Police Assistant Sub-Inspector - Survi Narsimha",919848010841,2026-08-18T14:23:24.522Z
cmsyr67go00p6v3tsqi9jq8mu,"Police Head Constable - Poloju Srinivas",919848010842,2026-08-18T14:23:24.744Z
cmsyr67mf00p7v3tsx0vc176v,"Revenue Inspector - Guddati Venkatesh",919848010843,2026-08-18T14:23:24.952Z
cmsyr67s900p8v3ts3h6tx6n6,"Senior Revenue Assistant - Beerla Bhikshapathi",919848010844,2026-08-18T14:23:25.161Z
cmsyr67y000p9v3tsfz257o7x,"Junior Revenue Assistant - Taduri Satyanarayana",919848010845,2026-08-18T14:23:25.368Z
cmsyr683v00pav3tsudzc9lc0,"Electricity Line Inspector - Marri Ravinder",919848010846,2026-08-18T14:23:25.579Z
cmsyr68fe00pcv3tsze4hjejn,"Panchayati Raj Field Officer - Bairikonda Ramesh",919848010848,2026-08-18T14:23:25.995Z
cmsyr68lc00pdv3tsidvph86q,"Gram Panchayat Ward Member - Palle Suresh",919848010849,2026-08-18T14:23:26.208Z
cmsyr68r300pev3tsgdg8got5,"Cooperative Society Director - Bandari Yadagiri",919848010850,2026-08-18T14:23:26.416Z
cmsyr68wu00pfv3ts4z3bi5aq,"Agriculture Extension Officer - Battu Anjaiah",919848010851,2026-08-18T14:23:26.623Z
cmsyr692j00pgv3ts4qg9o9i1,"Veterinary Hospital Assistant - Vangala Shankar",919848010852,2026-08-18T14:23:26.827Z
cmsyr69dv00piv3tstgohwpki,"Anganwadi Sector Supervisor - Ubbu Lingaiah",919848010854,2026-08-18T14:23:27.236Z
cmsyr69jm00pjv3tsytbrdf8y,"Primary Health Center Medical Officer - Venreddy Gopal",919848010855,2026-08-18T14:23:27.443Z
cmsyr69qt00pkv3ts64jhg82b,"Asha Health Worker Incharge - Boya Rajesh",919848010856,2026-08-18T14:23:27.701Z
cmsyr69wl00plv3tsrl0sgom1,"Village Revenue Assistant VRA - Bakkathatla Balu",919848010857,2026-08-18T14:23:27.910Z
cmsyr6a4s00pmv3tscfshdzn6,"Irrigation Department Assistant - Dondapati Goud",919848010858,2026-08-18T14:23:28.204Z
cmsyr6ad000pnv3tsynixe8w2,"Handloom Officers Association Director - Gode Reddy",919848010859,2026-08-18T14:23:28.500Z
cmsyr6am200pov3tslq95t7mi,"Police Sub-Inspector - Nandikanti Rao",919848010860,2026-08-18T14:23:28.827Z
cmsyr6aup00ppv3tspfrvb0ff,"Police Assistant Sub-Inspector - Gande Gupta",919848010861,2026-08-18T14:23:29.137Z
cmsyr6b4700pqv3ts4hcds4oq,"Police Head Constable - Chintala Kumar",919848010862,2026-08-18T14:23:29.479Z
cmsyr6bcg00prv3tsjt1z5qe0,"Revenue Inspector - Gutta Prasad",919848010863,2026-08-18T14:23:29.776Z
cmsyr6bm400psv3tsrsfys0jv,"Senior Revenue Assistant - Chilukuri Shekhar",919848010864,2026-08-18T14:23:30.124Z
cmsyr6buw00ptv3tsur4o0xs6,"Junior Revenue Assistant - Koyyada Venu",919848010865,2026-08-18T14:23:30.440Z
cmsyr6c6800puv3tshkag9ivm,"Electricity Line Inspector - Gangapuram Chary",919848010866,2026-08-18T14:23:30.849Z
cmsyr6cg300pvv3ts79c63ztr,"Electrical Assistant Engineer - Rikkala Nayak",919848010867,2026-08-18T14:23:31.203Z
cmsyr6cov00pwv3tsqu5v8k3k,"Panchayati Raj Field Officer - Nalla Mallaiah",919848010868,2026-08-18T14:23:31.520Z
cmsyr6cys00pxv3ts9tff8y1m,"Gram Panchayat Ward Member - Katakam Narsimha",919848010869,2026-08-18T14:23:31.876Z
cmsyr6d8b00pyv3ts07xmpwlc,"Cooperative Society Director - Survi Srinivas",919848010870,2026-08-18T14:23:32.220Z
cmsyr6dg900pzv3ts5meh0ve7,"Agriculture Extension Officer - Poloju Venkatesh",919848010871,2026-08-18T14:23:32.505Z
cmsyr6dpd00q0v3ts5qs8w0lr,"Veterinary Hospital Assistant - Guddati Bhikshapathi",919848010872,2026-08-18T14:23:32.834Z
cmsyr6dyc00q1v3tsevp2s333,"Public Works Department Officer - Beerla Satyanarayana",919848010873,2026-08-18T14:23:33.156Z
cmsyr6e6h00q2v3tsuib491m9,"Anganwadi Sector Supervisor - Taduri Ravinder",919848010874,2026-08-18T14:23:33.450Z
cmsyr6eg300q3v3tsg5hwdsuq,"Primary Health Center Medical Officer - Marri Mahendar",919848010875,2026-08-18T14:23:33.795Z
cmsyr6em900q4v3tsw2gai4t0,"Asha Health Worker Incharge - Pulugari Ramesh",919848010876,2026-08-18T14:23:34.017Z
cmsyr6ery00q5v3ts1lcoresw,"Village Revenue Assistant VRA - Bairikonda Suresh",919848010877,2026-08-18T14:23:34.223Z
cmsyr6exs00q6v3tsh3sfjjmy,"Irrigation Department Assistant - Palle Yadagiri",919848010878,2026-08-18T14:23:34.432Z
cmsyr6f3h00q7v3tsu5wo65rl,"Handloom Officers Association Director - Bandari Anjaiah",919848010879,2026-08-18T14:23:34.637Z
cmsyr6f9700q8v3ts0vombafg,"Police Sub-Inspector - Battu Shankar",919848010880,2026-08-18T14:23:34.844Z
cmsyr6fez00q9v3tsyxb3x2i2,"Police Assistant Sub-Inspector - Vangala Chandraiah",919848010881,2026-08-18T14:23:35.051Z
cmsyr6fko00qav3tsri06ur3h,"Police Head Constable - Komatireddy Lingaiah",919848010882,2026-08-18T14:23:35.256Z
cmsyr6fw900qcv3tsngxx99g2,"Senior Revenue Assistant - Venreddy Rajesh",919848010884,2026-08-18T14:23:35.673Z
cmsyr6g8700qdv3ts0ne779nc,"Junior Revenue Assistant - Boya Balu",919848010885,2026-08-18T14:23:36.103Z
cmsyr6ge100qev3tshazc77jq,"Electricity Line Inspector - Bakkathatla Goud",919848010886,2026-08-18T14:23:36.314Z
cmsyr6gjt00qfv3tsamuq18pt,"Electrical Assistant Engineer - Dondapati Reddy",919848010887,2026-08-18T14:23:36.521Z
cmsyr6gqu00qgv3tspt0o73nl,"Panchayati Raj Field Officer - Gode Rao",919848010888,2026-08-18T14:23:36.774Z
cmsyr6gwm00qhv3ts9c4ibvh2,"Gram Panchayat Ward Member - Nandikanti Gupta",919848010889,2026-08-18T14:23:36.982Z
cmsyr6h2d00qiv3tsyex153a9,"Cooperative Society Director - Gande Kumar",919848010890,2026-08-18T14:23:37.190Z
cmsyr6h8500qjv3ts3w1ikg0y,"Agriculture Extension Officer - Chintala Prasad",919848010891,2026-08-18T14:23:37.397Z
cmsyr6hdv00qkv3tsshxzq91r,"Veterinary Hospital Assistant - Gutta Shekhar",919848010892,2026-08-18T14:23:37.603Z
cmsyr6hjw00qlv3ts3cqcbmtt,"Public Works Department Officer - Chilukuri Venu",919848010893,2026-08-18T14:23:37.821Z
cmsyr6hpo00qmv3tsnot6mipv,"Anganwadi Sector Supervisor - Koyyada Chary",919848010894,2026-08-18T14:23:38.028Z
cmsyr6hvf00qnv3tscs0bt3t1,"Primary Health Center Medical Officer - Gangapuram Nayak",919848010895,2026-08-18T14:23:38.236Z
cmsyr6i1v00qov3ts5v40n8y3,"Asha Health Worker Incharge - Rikkala Mallaiah",919848010896,2026-08-18T14:23:38.468Z
cmsyr6i7q00qpv3ts4k6cc7zl,"Village Revenue Assistant VRA - Nalla Narsimha",919848010897,2026-08-18T14:23:38.678Z
cmsyr6ipm00qrv3tshy2tayvy,"Handloom Officers Association Director - Survi Venkatesh",919848010899,2026-08-18T14:23:39.322Z
cmsyr6ivf00qsv3ts8d1zw164,"Police Sub-Inspector - Poloju Bhikshapathi",919848010900,2026-08-18T14:23:39.532Z
cmsyr6j7c00qtv3tsg2zicft2,"Police Assistant Sub-Inspector - Guddati Satyanarayana",919848010901,2026-08-18T14:23:39.961Z
cmsyr6jds00quv3tso5o4u19e,"Police Head Constable - Beerla Ravinder",919848010902,2026-08-18T14:23:40.193Z
cmsyr6jk400qvv3tsesd1wino,"Revenue Inspector - Taduri Mahendar",919848010903,2026-08-18T14:23:40.420Z
cmsyr6jq100qwv3ts6iya4oo3,"Senior Revenue Assistant - Marri Ramesh",919848010904,2026-08-18T14:23:40.633Z
cmsyr6jvr00qxv3ts6tuuzgkc,"Junior Revenue Assistant - Pulugari Suresh",919848010905,2026-08-18T14:23:40.839Z
cmsyr6k1k00qyv3tsx31li97i,"Electricity Line Inspector - Bairikonda Yadagiri",919848010906,2026-08-18T14:23:41.048Z
cmsyr6k7i00qzv3tsl5reoavx,"Electrical Assistant Engineer - Palle Anjaiah",919848010907,2026-08-18T14:23:41.262Z
cmsyr6kd700r0v3ts6cfpsgi9,"Panchayati Raj Field Officer - Bandari Shankar",919848010908,2026-08-18T14:23:41.468Z
cmsyr6kiv00r1v3tsf0hbucfk,"Gram Panchayat Ward Member - Battu Chandraiah",919848010909,2026-08-18T14:23:41.672Z
cmsyr6kon00r2v3tsva6mzzdv,"Cooperative Society Director - Vangala Lingaiah",919848010910,2026-08-18T14:23:41.879Z
cmsyr6kuf00r3v3ts7hni5zo3,"Agriculture Extension Officer - Komatireddy Gopal",919848010911,2026-08-18T14:23:42.088Z
cmsyr6l0700r4v3tsep0my336,"Veterinary Hospital Assistant - Ubbu Rajesh",919848010912,2026-08-18T14:23:42.295Z
cmsyr6l5z00r5v3tsqwxq2y4r,"Public Works Department Officer - Venreddy Balu",919848010913,2026-08-18T14:23:42.503Z
cmsyr6lhx00r6v3tsbpb5mbxu,"Anganwadi Sector Supervisor - Boya Goud",919848010914,2026-08-18T14:23:42.933Z
cmsyr6lnp00r7v3tshrf4x4qk,"Primary Health Center Medical Officer - Bakkathatla Reddy",919848010915,2026-08-18T14:23:43.142Z
cmsyr6ltd00r8v3tshzsn166m,"Asha Health Worker Incharge - Dondapati Rao",919848010916,2026-08-18T14:23:43.346Z
cmsyr6lzu00r9v3ts8rl8vcu7,"Village Revenue Assistant VRA - Gode Gupta",919848010917,2026-08-18T14:23:43.579Z
cmsyr6m5l00rav3tsl7uud4no,"Irrigation Department Assistant - Nandikanti Kumar",919848010918,2026-08-18T14:23:43.785Z
cmsyr6mh700rcv3ts4v2bpe7s,"Police Sub-Inspector - Chintala Shekhar",919848010920,2026-08-18T14:23:44.203Z
cmsyr6mnj00rdv3tsr495z1js,"Police Assistant Sub-Inspector - Gutta Venu",919848010921,2026-08-18T14:23:44.432Z
cmsyr6mta00rev3tskil7640z,"Police Head Constable - Chilukuri Chary",919848010922,2026-08-18T14:23:44.639Z
cmsyr6mz300rfv3tsgwdags3y,"Revenue Inspector - Koyyada Nayak",919848010923,2026-08-18T14:23:44.847Z
cmsyr6n5000rgv3ts5h8hrbz7,"Senior Revenue Assistant - Gangapuram Mallaiah",919848010924,2026-08-18T14:23:45.061Z
cmsyr6naq00rhv3tswv1rxjk1,"Junior Revenue Assistant - Rikkala Narsimha",919848010925,2026-08-18T14:23:45.266Z
cmsyr6ngg00riv3tsoq28uefh,"Electricity Line Inspector - Nalla Srinivas",919848010926,2026-08-18T14:23:45.472Z
cmsyr6no100rjv3tshk0205i3,"Electrical Assistant Engineer - Katakam Venkatesh",919848010927,2026-08-18T14:23:45.724Z
cmsyr6o0000rkv3tslpzvaunt,"Panchayati Raj Field Officer - Survi Bhikshapathi",919848010928,2026-08-18T14:23:46.177Z
cmsyr6o5y00rlv3tse1cs8prq,"Gram Panchayat Ward Member - Poloju Satyanarayana",919848010929,2026-08-18T14:23:46.391Z
cmsyr6obn00rmv3ts080zh2xs,"Cooperative Society Director - Guddati Ravinder",919848010930,2026-08-18T14:23:46.596Z
cmsyr6onp00rnv3tsuddft98s,"Agriculture Extension Officer - Beerla Mahendar",919848010931,2026-08-18T14:23:47.030Z
cmsyr6otj00rov3tsnp3if6nb,"Veterinary Hospital Assistant - Taduri Ramesh",919848010932,2026-08-18T14:23:47.239Z
cmsyr6oze00rpv3tsttabnyvx,"Public Works Department Officer - Marri Suresh",919848010933,2026-08-18T14:23:47.451Z
cmsyr6p6u00rqv3tsy4caixle,"Anganwadi Sector Supervisor - Pulugari Yadagiri",919848010934,2026-08-18T14:23:47.719Z
cmsyr6pec00rrv3ts9mv9x2rw,"Primary Health Center Medical Officer - Bairikonda Anjaiah",919848010935,2026-08-18T14:23:47.989Z
cmsyr6pqg00rsv3tspcmap6o9,"Asha Health Worker Incharge - Palle Shankar",919848010936,2026-08-18T14:23:48.424Z
cmsyr6pw600rtv3tsrq6mv90a,"Village Revenue Assistant VRA - Bandari Chandraiah",919848010937,2026-08-18T14:23:48.630Z
cmsyr6q1x00ruv3tsattban5k,"Irrigation Department Assistant - Battu Lingaiah",919848010938,2026-08-18T14:23:48.837Z
cmsyr6q7m00rvv3tssm0227ih,"Handloom Officers Association Director - Vangala Gopal",919848010939,2026-08-18T14:23:49.043Z
cmsyr6qdl00rwv3tsoribybqu,"Police Sub-Inspector - Komatireddy Rajesh",919848010940,2026-08-18T14:23:49.257Z
cmsyr6qjg00rxv3tscu1vww97,"Police Assistant Sub-Inspector - Ubbu Balu",919848010941,2026-08-18T14:23:49.469Z
cmsyr6qp900ryv3tsswzyd4iz,"Police Head Constable - Venreddy Goud",919848010942,2026-08-18T14:23:49.678Z
cmsyr6qv200rzv3tsbllrcwgb,"Revenue Inspector - Boya Reddy",919848010943,2026-08-18T14:23:49.887Z
cmsyr6r6x00s1v3tsnvzseucv,"Junior Revenue Assistant - Dondapati Gupta",919848010945,2026-08-18T14:23:50.314Z
cmsyr6rcr00s2v3tst2o0ymim,"Electricity Line Inspector - Gode Kumar",919848010946,2026-08-18T14:23:50.523Z
cmsyr6rih00s3v3tsfhbyteoj,"Electrical Assistant Engineer - Nandikanti Prasad",919848010947,2026-08-18T14:23:50.729Z
cmsyr6ro900s4v3tshd9kt2f1,"Panchayati Raj Field Officer - Gande Shekhar",919848010948,2026-08-18T14:23:50.937Z
cmsyr6rty00s5v3tsc5678yo2,"Gram Panchayat Ward Member - Chintala Venu",919848010949,2026-08-18T14:23:51.142Z
cmsyr6rzo00s6v3tsmoy6jg7d,"Cooperative Society Director - Gutta Chary",919848010950,2026-08-18T14:23:51.348Z
cmsyr6s5f00s7v3ts3iwljg0o,"Agriculture Extension Officer - Chilukuri Nayak",919848010951,2026-08-18T14:23:51.555Z
cmsyr6she00s8v3tsy2me49yu,"Veterinary Hospital Assistant - Koyyada Mallaiah",919848010952,2026-08-18T14:23:51.987Z
cmsyr6sn300s9v3tsuv5wqmjh,"Public Works Department Officer - Gangapuram Narsimha",919848010953,2026-08-18T14:23:52.191Z
cmsyr6ssw00sav3tsez894tvv,"Anganwadi Sector Supervisor - Rikkala Srinivas",919848010954,2026-08-18T14:23:52.400Z
cmsyr6t4c00scv3ts1wk7bzyr,"Asha Health Worker Incharge - Katakam Bhikshapathi",919848010956,2026-08-18T14:23:52.813Z
cmsyr6ta400sdv3ts7c4ml84v,"Village Revenue Assistant VRA - Survi Satyanarayana",919848010957,2026-08-18T14:23:53.021Z
cmsyr6tfw00sev3tsd3zxb6g2,"Irrigation Department Assistant - Poloju Ravinder",919848010958,2026-08-18T14:23:53.229Z
cmsyr6tll00sfv3tsf63trs2l,"Handloom Officers Association Director - Guddati Mahendar",919848010959,2026-08-18T14:23:53.433Z
cmsyr6trd00sgv3tsmwg9yix8,"Police Sub-Inspector - Beerla Ramesh",919848010960,2026-08-18T14:23:53.642Z
cmsyr6tx500shv3tsxjp4ucc4,"Police Assistant Sub-Inspector - Taduri Suresh",919848010961,2026-08-18T14:23:53.850Z
cmsyr6u9a00siv3ts26xbh4am,"Police Head Constable - Marri Yadagiri",919848010962,2026-08-18T14:23:54.287Z
cmsyr6uf200sjv3ts275ihu4k,"Revenue Inspector - Pulugari Anjaiah",919848010963,2026-08-18T14:23:54.494Z
cmsyr6ukv00skv3ts6f8uesxz,"Senior Revenue Assistant - Bairikonda Shankar",919848010964,2026-08-18T14:23:54.703Z
cmsyr6uqm00slv3tskf6qyq6r,"Junior Revenue Assistant - Palle Chandraiah",919848010965,2026-08-18T14:23:54.910Z
cmsyr6uwd00smv3tspczn2063,"Electricity Line Inspector - Bandari Lingaiah",919848010966,2026-08-18T14:23:55.117Z
cmsyr6v2r00snv3tsmowdx1md,"Electrical Assistant Engineer - Battu Gopal",919848010967,2026-08-18T14:23:55.348Z
cmsyr6vm800sov3tscp1f5jmj,"Panchayati Raj Field Officer - Vangala Rajesh",919848010968,2026-08-18T14:23:56.048Z
cmsyr6vs000spv3tsnp3ezabd,"Gram Panchayat Ward Member - Komatireddy Balu",919848010969,2026-08-18T14:23:56.257Z
cmsyr6vxx00sqv3tsnbib14c9,"Cooperative Society Director - Ubbu Goud",919848010970,2026-08-18T14:23:56.469Z
cmsyr6w3r00srv3tsp5j0apcc,"Agriculture Extension Officer - Venreddy Reddy",919848010971,2026-08-18T14:23:56.680Z
cmsyr6wfj00ssv3ts89ugou66,"Veterinary Hospital Assistant - Boya Rao",919848010972,2026-08-18T14:23:57.104Z
cmsyr6wlc00stv3ts20xf3pzk,"Public Works Department Officer - Bakkathatla Gupta",919848010973,2026-08-18T14:23:57.312Z
cmsyr6wwz00svv3tsrbi7fv96,"Primary Health Center Medical Officer - Gode Prasad",919848010975,2026-08-18T14:23:57.731Z
cmsyr6x9500swv3tsam2ztjdb,"Asha Health Worker Incharge - Nandikanti Shekhar",919848010976,2026-08-18T14:23:58.170Z
cmsyr6xf100sxv3tsydz8s5kz,"Village Revenue Assistant VRA - Gande Venu",919848010977,2026-08-18T14:23:58.381Z
cmsyr6xks00syv3tsaq0lusr7,"Irrigation Department Assistant - Chintala Chary",919848010978,2026-08-18T14:23:58.589Z
cmsyr6xqm00szv3tszvvzpvuv,"Handloom Officers Association Director - Gutta Nayak",919848010979,2026-08-18T14:23:58.798Z
cmsyr6xx700t0v3ts2jyn2im4,"Police Sub-Inspector - Chilukuri Mallaiah",919848010980,2026-08-18T14:23:59.035Z
cmsyr6y2z00t1v3ts5dm5gst1,"Police Assistant Sub-Inspector - Koyyada Narsimha",919848010981,2026-08-18T14:23:59.244Z
cmsyr6y8v00t2v3tss2yqlxzu,"Police Head Constable - Gangapuram Srinivas",919848010982,2026-08-18T14:23:59.456Z
cmsyr6yen00t3v3ts90u6pxcd,"Revenue Inspector - Rikkala Venkatesh",919848010983,2026-08-18T14:23:59.664Z
cmsyr6yke00t4v3tsxbubsban,"Senior Revenue Assistant - Nalla Bhikshapathi",919848010984,2026-08-18T14:23:59.870Z
cmsyr6ywf00t5v3tscne8y8u1,"Junior Revenue Assistant - Katakam Satyanarayana",919848010985,2026-08-18T14:24:00.303Z
cmsyr6z2a00t6v3tsm9pds3ne,"Electricity Line Inspector - Survi Ravinder",919848010986,2026-08-18T14:24:00.514Z
cmsyr6z8500t7v3ts9nltfhhx,"Electrical Assistant Engineer - Poloju Mahendar",919848010987,2026-08-18T14:24:00.725Z
cmsyr6zf700t8v3tsjzgz7oz8,"Panchayati Raj Field Officer - Guddati Ramesh",919848010988,2026-08-18T14:24:00.979Z
cmsyr6zl200t9v3tswgtp3uxx,"Gram Panchayat Ward Member - Beerla Suresh",919848010989,2026-08-18T14:24:01.191Z
cmsyr6zqt00tav3ts832v7fy8,"Cooperative Society Director - Taduri Yadagiri",919848010990,2026-08-18T14:24:01.398Z
cmsyr702h00tcv3tsfsjsael4,"Veterinary Hospital Assistant - Pulugari Shankar",919848010992,2026-08-18T14:24:01.817Z
cmsyr708700tdv3tsovmj0x2a,"Public Works Department Officer - Bairikonda Chandraiah",919848010993,2026-08-18T14:24:02.023Z
cmsyr70e100tev3tsdvik5jzo,"Anganwadi Sector Supervisor - Palle Lingaiah",919848010994,2026-08-18T14:24:02.233Z
cmsyr70jv00tfv3tsuy37wo76,"Primary Health Center Medical Officer - Bandari Gopal",919848010995,2026-08-18T14:24:02.444Z
cmsyr70pk00tgv3tsv58jmm2h,"Asha Health Worker Incharge - Battu Rajesh",919848010996,2026-08-18T14:24:02.648Z
cmsyr70vf00thv3tsc9wq57g6,"Village Revenue Assistant VRA - Vangala Balu",919848010997,2026-08-18T14:24:02.860Z
cmsyr711600tiv3tsmvn4tv3h,"Irrigation Department Assistant - Komatireddy Goud",919848010998,2026-08-18T14:24:03.067Z
cmsyr717000tjv3ts516rnang,"Handloom Officers Association Director - Ubbu Reddy",919848010999,2026-08-18T14:24:03.277Z
cmsyr71ct00tkv3tsu2024fhl,"Police Sub-Inspector - Venreddy Rao",919848011000,2026-08-18T14:24:03.485Z
cmsyr71ik00tlv3ts2mqo1x8t,"Police Assistant Sub-Inspector - Boya Gupta",919848011001,2026-08-18T14:24:03.693Z
cmsyr71o800tmv3ts5knsufur,"Police Head Constable - Bakkathatla Kumar",919848011002,2026-08-18T14:24:03.896Z
cmsyr720a00tnv3tsotw8fsk2,"Revenue Inspector - Dondapati Prasad",919848011003,2026-08-18T14:24:04.330Z
cmsyr725z00tov3ts5c6hqjt4,"Senior Revenue Assistant - Gode Shekhar",919848011004,2026-08-18T14:24:04.535Z
cmsyr72dq00tpv3tsdvlihpnm,"Junior Revenue Assistant - Nandikanti Venu",919848011005,2026-08-18T14:24:04.815Z
cmsyr72l500tqv3tsegogu7gw,"Electricity Line Inspector - Gande Chary",919848011006,2026-08-18T14:24:05.082Z
cmsyr72rp00trv3ts3yez4qyd,"Electrical Assistant Engineer - Chintala Nayak",919848011007,2026-08-18T14:24:05.317Z
cmsyr72z900tsv3tsqf3oa018,"Panchayati Raj Field Officer - Gutta Mallaiah",919848011008,2026-08-18T14:24:05.589Z
cmsyr735000ttv3ts4fx944wt,"Gram Panchayat Ward Member - Chilukuri Narsimha",919848011009,2026-08-18T14:24:05.796Z
cmsyr73ar00tuv3tsgp9vymk0,"Cooperative Society Director - Koyyada Srinivas",919848011010,2026-08-18T14:24:06.003Z
cmsyr73gp00tvv3tsgpl46i8d,"Agriculture Extension Officer - Gangapuram Venkatesh",919848011011,2026-08-18T14:24:06.217Z
cmsyr73mc00twv3tscvx5lj5v,"Veterinary Hospital Assistant - Rikkala Bhikshapathi",919848011012,2026-08-18T14:24:06.421Z
cmsyr73zq00tyv3tszv9rngru,"Anganwadi Sector Supervisor - Katakam Ravinder",919848011014,2026-08-18T14:24:06.902Z
cmsyr745q00tzv3ts0t9wmxay,"Primary Health Center Medical Officer - Survi Mahendar",919848011015,2026-08-18T14:24:07.118Z
cmsyr74bg00u0v3tsl47ne4g3,"Asha Health Worker Incharge - Poloju Ramesh",919848011016,2026-08-18T14:24:07.324Z
cmsyr74ha00u1v3tsj2e9d40q,"Village Revenue Assistant VRA - Guddati Suresh",919848011017,2026-08-18T14:24:07.534Z
cmsyr74n100u2v3ts5wq2tnj7,"Irrigation Department Assistant - Beerla Yadagiri",919848011018,2026-08-18T14:24:07.742Z
cmsyr74sq00u3v3tsjlsgs3xa,"Handloom Officers Association Director - Taduri Anjaiah",919848011019,2026-08-18T14:24:07.946Z
cmsyr74yj00u4v3tsgkxitx29,"Police Sub-Inspector - Marri Shankar",919848011020,2026-08-18T14:24:08.156Z
cmsyr754f00u5v3tsdbn69fsk,"Police Assistant Sub-Inspector - Pulugari Chandraiah",919848011021,2026-08-18T14:24:08.368Z
cmsyr75a300u6v3tsffe96mxd,"Police Head Constable - Bairikonda Lingaiah",919848011022,2026-08-18T14:24:08.572Z
cmsyr75ge00u7v3tsvirfy238,"Revenue Inspector - Palle Gopal",919848011023,2026-08-18T14:24:08.798Z
cmsyr75m400u8v3tswcb9pa3b,"Senior Revenue Assistant - Bandari Rajesh",919848011024,2026-08-18T14:24:09.005Z
cmsyr75ry00u9v3ts8jcr545r,"Junior Revenue Assistant - Battu Balu",919848011025,2026-08-18T14:24:09.214Z
cmsyr75xo00uav3tsmt8z9wdq,"Electricity Line Inspector - Vangala Goud",919848011026,2026-08-18T14:24:09.420Z
cmt4164b800aev3cc3abi4hbw,"Junior Revenue Assistant - Survi Venu",+919848010725,2026-08-22T07:02:07.701Z
cmsyr76fp00ucv3tstwwhky4r,"Panchayati Raj Field Officer - Ubbu Rao",919848011028,2026-08-18T14:24:10.069Z
cmsyr76m800udv3tsgak5ad7q,"Gram Panchayat Ward Member - Venreddy Gupta",919848011029,2026-08-18T14:24:10.304Z
cmsyr76tp00uev3ts4y59ddxe,"Cooperative Society Director - Boya Kumar",919848011030,2026-08-18T14:24:10.573Z
cmsyr76zo00ufv3tsfqj1c8zb,"Agriculture Extension Officer - Bakkathatla Prasad",919848011031,2026-08-18T14:24:10.788Z
cmsyr777800ugv3tsgsgq66ra,"Veterinary Hospital Assistant - Dondapati Shekhar",919848011032,2026-08-18T14:24:11.060Z
cmsyr77jk00uhv3tsht7s2lwc,"Public Works Department Officer - Gode Venu",919848011033,2026-08-18T14:24:11.504Z
cmsyr77pa00uiv3tsxgxgcg28,"Anganwadi Sector Supervisor - Nandikanti Chary",919848011034,2026-08-18T14:24:11.711Z
cmsyr781f00ujv3tsv82unlxg,"Primary Health Center Medical Officer - Gande Nayak",919848011035,2026-08-18T14:24:12.148Z
cmsyr787i00ukv3tsh9wu2oik,"Asha Health Worker Incharge - Chintala Mallaiah",919848011036,2026-08-18T14:24:12.367Z
cmsyr78dh00ulv3tsrbu8b10q,"Village Revenue Assistant VRA - Gutta Narsimha",919848011037,2026-08-18T14:24:12.581Z
cmsyr78je00umv3ts4mitg6ma,"Irrigation Department Assistant - Chilukuri Srinivas",919848011038,2026-08-18T14:24:12.795Z
cmsyr78p500unv3ts4zd3bf5o,"Handloom Officers Association Director - Koyyada Venkatesh",919848011039,2026-08-18T14:24:13.002Z
cmsyr78ut00uov3ts1hj2t1fc,"Police Sub-Inspector - Gangapuram Bhikshapathi",919848011040,2026-08-18T14:24:13.205Z
cmsyr796b00uqv3ts9gtwjiu8,"Police Head Constable - Nalla Ravinder",919848011042,2026-08-18T14:24:13.619Z
cmsyr79c300urv3tstegx8v0g,"Revenue Inspector - Katakam Mahendar",919848011043,2026-08-18T14:24:13.828Z
cmsyr79hx00usv3tsgpa1eznn,"Senior Revenue Assistant - Survi Ramesh",919848011044,2026-08-18T14:24:14.037Z
cmsyr79ns00utv3tsubm1ywoo,"Junior Revenue Assistant - Poloju Suresh",919848011045,2026-08-18T14:24:14.248Z
cmsyr79tl00uuv3tspree0asu,"Electricity Line Inspector - Guddati Yadagiri",919848011046,2026-08-18T14:24:14.457Z
cmsyr79ze00uvv3tsoeqjz112,"Electrical Assistant Engineer - Beerla Anjaiah",919848011047,2026-08-18T14:24:14.666Z
cmsyr7a5c00uwv3tsfet65yy2,"Panchayati Raj Field Officer - Taduri Shankar",919848011048,2026-08-18T14:24:14.880Z
cmsyr7abd00uxv3tsqyrlzc3p,"Gram Panchayat Ward Member - Marri Chandraiah",919848011049,2026-08-18T14:24:15.097Z
cmsyr7ahh00uyv3tsbj7wusmn,"Cooperative Society Director - Pulugari Lingaiah",919848011050,2026-08-18T14:24:15.317Z
cmsyr7ane00uzv3tszl8tgmia,"Agriculture Extension Officer - Bairikonda Gopal",919848011051,2026-08-18T14:24:15.531Z
cmsyr7au400v0v3tss7m5mxny,"Veterinary Hospital Assistant - Palle Rajesh",919848011052,2026-08-18T14:24:15.772Z
cmsyr7b3400v1v3tsj290oqif,"Public Works Department Officer - Bandari Balu",919848011053,2026-08-18T14:24:16.096Z
cmsyr7b9600v2v3tsciu56w58,"Anganwadi Sector Supervisor - Battu Goud",919848011054,2026-08-18T14:24:16.315Z
cmsyr7blj00v3v3ts4huids5w,"Primary Health Center Medical Officer - Vangala Reddy",919848011055,2026-08-18T14:24:16.759Z
cmsyr7bsb00v4v3tsdsk39h0g,"Asha Health Worker Incharge - Komatireddy Rao",919848011056,2026-08-18T14:24:17.003Z
cmsyr7byl00v5v3tsbgwoat6f,"Village Revenue Assistant VRA - Ubbu Gupta",919848011057,2026-08-18T14:24:17.229Z
cmsyr7c4v00v6v3tsw1ssgcey,"Irrigation Department Assistant - Venreddy Kumar",919848011058,2026-08-18T14:24:17.456Z
cmsyr7cb600v7v3tswivs0lzq,"Handloom Officers Association Director - Boya Prasad",919848011059,2026-08-18T14:24:17.683Z
cmsyr7co700v9v3tssuq8trm6,"Police Assistant Sub-Inspector - Dondapati Venu",919848011061,2026-08-18T14:24:18.151Z
cmt4164em00afv3ccpdg88mrs,"Senior Revenue Assistant - Katakam Shekhar",+919848010724,2026-08-22T07:02:07.822Z
cmt4164hy00agv3cc13eixv5n,"Revenue Inspector - Nalla Prasad",+919848010723,2026-08-22T07:02:07.943Z
cmt4164ve00akv3ccsc6nbir4,"Handloom Officers Association Director - Chilukuri Reddy",+919848010719,2026-08-22T07:02:08.426Z
cmsyr7d5c00vcv3tscz5v2hc3,"Senior Revenue Assistant - Gande Mallaiah",919848011064,2026-08-18T14:24:18.769Z
cmsyr7dbi00vdv3ts1nmardv3,"Junior Revenue Assistant - Chintala Narsimha",919848011065,2026-08-18T14:24:18.990Z
cmsyr7di000vev3tsidndunpz,"Electricity Line Inspector - Gutta Srinivas",919848011066,2026-08-18T14:24:19.225Z
cmsyr7doi00vfv3ts5hu0b37n,"Electrical Assistant Engineer - Chilukuri Venkatesh",919848011067,2026-08-18T14:24:19.458Z
cmsyr7duy00vgv3ts21gi16e1,"Panchayati Raj Field Officer - Koyyada Bhikshapathi",919848011068,2026-08-18T14:24:19.690Z
cmsyr7e0t00vhv3ts44zf6gfh,"Gram Panchayat Ward Member - Gangapuram Satyanarayana",919848011069,2026-08-18T14:24:19.902Z
cmsyr7ee100viv3tsjc1adkk4,"Cooperative Society Director - Rikkala Ravinder",919848011070,2026-08-18T14:24:20.377Z
cmsyr7ekc00vjv3tszwcmbvs7,"Agriculture Extension Officer - Nalla Mahendar",919848011071,2026-08-18T14:24:20.604Z
cmsyr7f4j00vmv3tsjirs7gys,"Anganwadi Sector Supervisor - Poloju Yadagiri",919848011074,2026-08-18T14:24:21.332Z
cmsyr7fbb00vnv3tsdzp4qrr0,"Primary Health Center Medical Officer - Guddati Anjaiah",919848011075,2026-08-18T14:24:21.576Z
cmsyr7fhr00vov3ts54i86mac,"Asha Health Worker Incharge - Beerla Shankar",919848011076,2026-08-18T14:24:21.807Z
cmsyr7fnr00vpv3tsg3iiiwgd,"Village Revenue Assistant VRA - Taduri Chandraiah",919848011077,2026-08-18T14:24:22.024Z
cmsyr7fth00vqv3tsk7hn977x,"Irrigation Department Assistant - Marri Lingaiah",919848011078,2026-08-18T14:24:22.229Z
cmsyr7fzi00vrv3tsg6fpaah7,"Handloom Officers Association Director - Pulugari Gopal",919848011079,2026-08-18T14:24:22.446Z
cmsyr7g5y00vsv3tsv6llqjnd,"Police Sub-Inspector - Bairikonda Rajesh",919848011080,2026-08-18T14:24:22.678Z
cmsyr7gbx00vtv3tsg5ulv2lh,"Police Assistant Sub-Inspector - Palle Balu",919848011081,2026-08-18T14:24:22.893Z
cmsyr7gic00vuv3tsso7j9sjz,"Police Head Constable - Bandari Goud",919848011082,2026-08-18T14:24:23.125Z
cmsyr7go500vvv3tsbjl2q8si,"Revenue Inspector - Battu Reddy",919848011083,2026-08-18T14:24:23.333Z
cmsyr7gtw00vwv3tsslr94iyu,"Senior Revenue Assistant - Vangala Rao",919848011084,2026-08-18T14:24:23.541Z
cmsyr7gzy00vxv3tsf6157vzf,"Junior Revenue Assistant - Komatireddy Gupta",919848011085,2026-08-18T14:24:23.759Z
cmsyr7h6500vyv3ts9nlpix6m,"Electricity Line Inspector - Ubbu Kumar",919848011086,2026-08-18T14:24:23.982Z
cmsyr7hci00vzv3tsw1r2wdan,"Electrical Assistant Engineer - Venreddy Prasad",919848011087,2026-08-18T14:24:24.211Z
cmsyr7hjd00w0v3tspitvrt1e,"Panchayati Raj Field Officer - Boya Shekhar",919848011088,2026-08-18T14:24:24.457Z
cmsyr7hp400w1v3tscni96gba,"Gram Panchayat Ward Member - Bakkathatla Venu",919848011089,2026-08-18T14:24:24.664Z
cmsyr7hv300w2v3tsppviuuny,"Cooperative Society Director - Dondapati Chary",919848011090,2026-08-18T14:24:24.879Z
cmsyr7i1a00w3v3tsq475k0ue,"Agriculture Extension Officer - Gode Nayak",919848011091,2026-08-18T14:24:25.102Z
cmsyr7i7900w4v3tsoc6euddu,"Veterinary Hospital Assistant - Nandikanti Mallaiah",919848011092,2026-08-18T14:24:25.318Z
cmsyr7idk00w5v3ts33rducfj,"Public Works Department Officer - Gande Narsimha",919848011093,2026-08-18T14:24:25.545Z
cmsyr7ijx00w6v3tsxcdw10xb,"Anganwadi Sector Supervisor - Chintala Srinivas",919848011094,2026-08-18T14:24:25.774Z
cmsyr7ipu00w7v3tsglwwfp18,"Primary Health Center Medical Officer - Gutta Venkatesh",919848011095,2026-08-18T14:24:25.986Z
cmsyr7iw100w8v3tsiz0fqgwe,"Asha Health Worker Incharge - Chilukuri Bhikshapathi",919848011096,2026-08-18T14:24:26.210Z
cmsyr7j2600w9v3tsnrowpe64,"Village Revenue Assistant VRA - Koyyada Satyanarayana",919848011097,2026-08-18T14:24:26.431Z
cmsyr7j8900wav3tspxufh6h6,"Irrigation Department Assistant - Gangapuram Ravinder",919848011098,2026-08-18T14:24:26.650Z
cmsyop16w0016v3qo5yfjtrkj,"Ex MPP Leader - Taduri Venkata Reddy",919505100555,2026-08-18T13:14:04.232Z
cmsyr1r9z000bv3tsom3o415d,"Sarpanch Ellambavi - Ganjee Vanaja",919291659066,2026-08-18T14:19:57.143Z
cmsyr1xlo0016v3tsu4k5d16y,"Panchayat Secretary Koyyalagudem - M. Jalandhar Reddy",919440124594,2026-08-18T14:20:05.340Z
cmsyr1ylf001bv3tsqfqeb1wp,"Panchayat Secretary Pantangi - C.H. Srikanth",919533225590,2026-08-18T14:20:06.627Z
cmsyr27jb002bv3ts2domr78b,"Handloom Officers Association Director - Nandikanti Reddy",919848010019,2026-08-18T14:20:18.215Z
cmsyr2cl10034v3tsafstgfb9,"Panchayati Raj Field Officer - Nandikanti Rao",919848010048,2026-08-18T14:20:24.757Z
cmsyr2e4k003bv3ts3nbmtq5f,"Primary Health Center Medical Officer - Rikkala Nayak",919848010055,2026-08-18T14:20:26.756Z
cmsyr2hmx003vv3ts3s2stvgd,"Primary Health Center Medical Officer - Dondapati Reddy",919848010075,2026-08-18T14:20:31.305Z
cmsyr2kev004bv3tssockn4u1,"Agriculture Extension Officer - Taduri Mahendar",919848010091,2026-08-18T14:20:34.904Z
cmsyr2nre004sv3tssqc6zt29,"Panchayati Raj Field Officer - Chintala Shekhar",919848010108,2026-08-18T14:20:39.242Z
cmsyr2r8a005bv3tsa7xegn3i,"Electrical Assistant Engineer - Vangala Gopal",919848010127,2026-08-18T14:20:43.739Z
cmsyr2v4z005vv3tswtqntg6d,"Electrical Assistant Engineer - Guddati Mahendar",919848010147,2026-08-18T14:20:48.803Z
cmsyr2xq5006bv3tsxp893lnd,"Revenue Inspector - Gode Prasad",919848010163,2026-08-18T14:20:52.157Z
cmsyr30h0006qv3tsre9fpjrk,"Irrigation Department Assistant - Taduri Yadagiri",919848010178,2026-08-18T14:20:55.717Z
cmsyr31y7006yv3tsnhs2uxbk,"Electricity Line Inspector - Komatireddy Goud",919848010186,2026-08-18T14:20:57.631Z
cmsyr34f4007bv3tsf0y0d294,"Handloom Officers Association Director - Gangapuram Venkatesh",919848010199,2026-08-18T14:21:00.832Z
cmsyr399b0082v3ts2hmhxufj,"Electricity Line Inspector - Chilukuri Srinivas",919848010226,2026-08-18T14:21:07.103Z
cmsyr3ave008bv3tsnu23tulh,"Primary Health Center Medical Officer - Beerla Anjaiah",919848010235,2026-08-18T14:21:09.194Z
cmsyr3gcp0096v3ts19eko1gb,"Electricity Line Inspector - Marri Lingaiah",919848010266,2026-08-18T14:21:16.298Z
cmsyr3h5r009bv3tsbaklvmzo,"Agriculture Extension Officer - Battu Reddy",919848010271,2026-08-18T14:21:17.343Z
cmsyr3l6e009yv3tstnnstbkm,"Anganwadi Sector Supervisor - Taduri Lingaiah",919848010294,2026-08-18T14:21:22.550Z
cmsyr3n8w00abv3tskblibxhm,"Electrical Assistant Engineer - Dondapati Nayak",919848010307,2026-08-18T14:21:25.232Z
cmsyr3q2100asv3tsh2odc8d9,"Senior Revenue Assistant - Marri Rajesh",919848010324,2026-08-18T14:21:28.874Z
cmsyr3t7w00bbv3tsuhlw9gfz,"Revenue Inspector - Koyyada Mahendar",919848010343,2026-08-18T14:21:32.973Z
cmsyr3v4n00bnv3tsjrk72qrb,"Primary Health Center Medical Officer - Bairikonda Reddy",919848010355,2026-08-18T14:21:35.448Z
cmsyr3yx000cbv3tskpruhk16,"Handloom Officers Association Director - Guddati Gopal",919848010379,2026-08-18T14:21:40.356Z
cmsyr44hm00d8v3ts7pyj6jgy,"Veterinary Hospital Assistant - Pulugari Rao",919848010412,2026-08-18T14:21:47.578Z
cmsyr44yr00dbv3tslk9f8yiu,"Primary Health Center Medical Officer - Bandari Prasad",919848010415,2026-08-18T14:21:48.195Z
cmsyr4a2z00e6v3tsn2vjx22p,"Electricity Line Inspector - Vangala Chary",919848010446,2026-08-18T14:21:54.828Z
cmsyr4avm00ebv3tsdzk8yfzu,"Agriculture Extension Officer - Bakkathatla Venkatesh",919848010451,2026-08-18T14:21:55.858Z
cmsyr4dnm00eqv3tsrqf4zhtn,"Electricity Line Inspector - Guddati Goud",919848010466,2026-08-18T14:21:59.458Z
cmsyr4gqg00f8v3ts98kbh2vz,"Senior Revenue Assistant - Gande Ramesh",919848010484,2026-08-18T14:22:03.448Z
cmsyr4h9200fbv3ts02n5c2nr,"Electrical Assistant Engineer - Chilukuri Anjaiah",919848010487,2026-08-18T14:22:04.118Z
cmsyr4hvi00ffv3tspvwakh9i,"Agriculture Extension Officer - Nalla Gopal",919848010491,2026-08-18T14:22:04.926Z
cmsyr4n1m00gbv3ts2liq6xrp,"Revenue Inspector - Poloju Reddy",919848010523,2026-08-18T14:22:11.626Z
cmsyr4qmm00gwv3tsde40tcme,"Senior Revenue Assistant - Gutta Shankar",919848010544,2026-08-18T14:22:16.271Z
cmsyr4t1t00hbv3tsxdr7rhq6,"Handloom Officers Association Director - Palle Nayak",919848010559,2026-08-18T14:22:19.409Z
cmsyr4vn300hrv3tsdad66grl,"Primary Health Center Medical Officer - Koyyada Gopal",919848010575,2026-08-18T14:22:22.767Z
cmsyr4z0i00ibv3ts63yw4tge,"Primary Health Center Medical Officer - Boya Mahendar",919848010595,2026-08-18T14:22:27.139Z
cmsyr52aa00ivv3tsa8ivyyo6,"Primary Health Center Medical Officer - Pulugari Nayak",919848010615,2026-08-18T14:22:31.378Z
cmsyr552n00jbv3tslc06d1sp,"Agriculture Extension Officer - Gutta Gopal",919848010631,2026-08-18T14:22:34.991Z
cmsyr575t00jov3tsvag2639e,"Senior Revenue Assistant - Pulugari Mallaiah",919848010644,2026-08-18T14:22:37.698Z
cmsyr57bh00jpv3tsbesapgvm,"Junior Revenue Assistant - Bairikonda Narsimha",919848010645,2026-08-18T14:22:37.902Z
cmsyr58t500jxv3tseskmsrf0,"Public Works Department Officer - Boya Suresh",919848010653,2026-08-18T14:22:39.834Z
cmsyr5b9o00kbv3tsalxpqbd2,"Electrical Assistant Engineer - Survi Prasad",919848010667,2026-08-18T14:22:43.021Z
cmsyr5d9500knv3ts763f4igr,"Handloom Officers Association Director - Komatireddy Mahendar",919848010679,2026-08-18T14:22:45.594Z
cmsyr5hjw00lbv3ts4rdcobfr,"Revenue Inspector - Bairikonda Venkatesh",919848010703,2026-08-18T14:22:51.165Z
cmsyr5j5f00llv3ts2adzuw8p,"Public Works Department Officer - Dondapati Chandraiah",919848010713,2026-08-18T14:22:53.235Z
cmsyr5ntz00mbv3tsl2x50nza,"Handloom Officers Association Director - Venreddy Anjaiah",919848010739,2026-08-18T14:22:59.304Z
cmsyr5sw900n4v3tsgcue1pwu,"Panchayati Raj Field Officer - Venreddy Shankar",919848010768,2026-08-18T14:23:05.866Z
cmsyr5tde00n7v3tsdjus31up,"Agriculture Extension Officer - Dondapati Gopal",919848010771,2026-08-18T14:23:06.483Z
cmsyr5u0a00nbv3tsdmxqyi2v,"Primary Health Center Medical Officer - Chintala Reddy",919848010775,2026-08-18T14:23:07.306Z
cmsyr5uus00ngv3tseo2rrlwt,"Police Sub-Inspector - Rikkala Shekhar",919848010780,2026-08-18T14:23:08.404Z
cmsyr60wf00obv3ts7eodjt6k,"Agriculture Extension Officer - Katakam Nayak",919848010811,2026-08-18T14:23:16.240Z
cmsyr64pi00oqv3tsf2y200rd,"Electricity Line Inspector - Venreddy Lingaiah",919848010826,2026-08-18T14:23:21.175Z
cmsyr689m00pbv3ts37j6f0ky,"Electrical Assistant Engineer - Pulugari Mahendar",919848010847,2026-08-18T14:23:25.786Z
cmsyr698600phv3tszumu8btp,"Public Works Department Officer - Komatireddy Chandraiah",919848010853,2026-08-18T14:23:27.031Z
cmsyr6fqd00qbv3tsqc04a339,"Revenue Inspector - Ubbu Gopal",919848010883,2026-08-18T14:23:35.461Z
cmsyr6ijq00qqv3tsjxr74w27,"Irrigation Department Assistant - Katakam Srinivas",919848010898,2026-08-18T14:23:39.110Z
cmsyr6mbd00rbv3ts5e3vv6u0,"Handloom Officers Association Director - Gande Prasad",919848010919,2026-08-18T14:23:43.994Z
cmsyr6r0w00s0v3tszop97lf5,"Senior Revenue Assistant - Bakkathatla Rao",919848010944,2026-08-18T14:23:50.096Z
cmsyr6syl00sbv3tsr1lw587t,"Primary Health Center Medical Officer - Nalla Venkatesh",919848010955,2026-08-18T14:23:52.605Z
cmsyr6wr600suv3tsobpnryat,"Anganwadi Sector Supervisor - Dondapati Kumar",919848010974,2026-08-18T14:23:57.522Z
cmsyr6zwn00tbv3tslbzlyq6h,"Agriculture Extension Officer - Marri Anjaiah",919848010991,2026-08-18T14:24:01.607Z
cmsyr73s500txv3tsms3ts9dh,"Public Works Department Officer - Nalla Satyanarayana",919848011013,2026-08-18T14:24:06.630Z
cmsyr769t00ubv3tseoxq3wdv,"Electrical Assistant Engineer - Komatireddy Reddy",919848011027,2026-08-18T14:24:09.858Z
cmsyr790j00upv3ts58nxwrgl,"Police Assistant Sub-Inspector - Rikkala Satyanarayana",919848011041,2026-08-18T14:24:13.411Z
cmsyr7ci600v8v3ts0jf9o3sv,"Police Sub-Inspector - Bakkathatla Shekhar",919848011060,2026-08-18T14:24:17.934Z
cmsyr7ctz00vav3tsns9jycs5,"Police Head Constable - Gode Chary",919848011062,2026-08-18T14:24:18.360Z
cmsyr7czk00vbv3tsl9ljb1ag,"Revenue Inspector - Nandikanti Nayak",919848011063,2026-08-18T14:24:18.561Z
cmsyr7eq500vkv3tsohwzeqpn,"Veterinary Hospital Assistant - Katakam Ramesh",919848011072,2026-08-18T14:24:20.813Z
cmsyr7exj00vlv3ts2o3iksod,"Public Works Department Officer - Survi Suresh",919848011073,2026-08-18T14:24:21.080Z
cmsyr7jff00wbv3tsnip0ifg8,"Handloom Officers Association Director - Rikkala Mahendar",919848011099,2026-08-18T14:24:26.908Z
cmt4155b70005v3cchpb6utae,"Anganwadi Sector Supervisor - Chintala Srinivas",+919848011094,2026-08-22T07:01:22.340Z
cmt4155ej0006v3cciltoydo9,"Public Works Department Officer - Gande Narsimha",+919848011093,2026-08-22T07:01:22.459Z
cmt41557w0004v3cci5yfudxa,"Primary Health Center Medical Officer - Gutta Venkatesh",+919848011095,2026-08-22T07:01:22.220Z
cmt41554l0003v3ccpiy537iy,"Asha Health Worker Incharge - Chilukuri Bhikshapathi",+919848011096,2026-08-22T07:01:22.101Z
cmt4155hx0007v3cc54ejcdcd,"Veterinary Hospital Assistant - Nandikanti Mallaiah",+919848011092,2026-08-22T07:01:22.582Z
cmt4155m80008v3cc2ihstaob,"Agriculture Extension Officer - Gode Nayak",+919848011091,2026-08-22T07:01:22.736Z
cmt4155pk0009v3ccav5w0sqb,"Cooperative Society Director - Dondapati Chary",+919848011090,2026-08-22T07:01:22.856Z
cmt4155ss000av3ccd3t3xg3q,"Gram Panchayat Ward Member - Bakkathatla Venu",+919848011089,2026-08-22T07:01:22.972Z
cmt4155w6000bv3cctke3nqsk,"Panchayati Raj Field Officer - Boya Shekhar",+919848011088,2026-08-22T07:01:23.094Z
cmt4155zi000cv3cc3e29s4en,"Electrical Assistant Engineer - Venreddy Prasad",+919848011087,2026-08-22T07:01:23.214Z
cmt41562s000dv3cc320yynjg,"Electricity Line Inspector - Ubbu Kumar",+919848011086,2026-08-22T07:01:23.332Z
cmt41569i000fv3cc6wljkgqe,"Senior Revenue Assistant - Vangala Rao",+919848011084,2026-08-22T07:01:23.574Z
cmt4156dv000gv3cco91fh1v7,"Revenue Inspector - Battu Reddy",+919848011083,2026-08-22T07:01:23.731Z
cmt4156hp000hv3cceg8nhct8,"Police Head Constable - Bandari Goud",+919848011082,2026-08-22T07:01:23.870Z
cmt4156l2000iv3ccfiotuuai,"Police Assistant Sub-Inspector - Palle Balu",+919848011081,2026-08-22T07:01:23.991Z
cmt4156of000jv3cc1fynzf6l,"Police Sub-Inspector - Bairikonda Rajesh",+919848011080,2026-08-22T07:01:24.112Z
cmt4156rr000kv3ccxl38mazw,"Handloom Officers Association Director - Pulugari Gopal",+919848011079,2026-08-22T07:01:24.232Z
cmt4156v4000lv3cc8m9jwr0o,"Irrigation Department Assistant - Marri Lingaiah",+919848011078,2026-08-22T07:01:24.353Z
cmt415756000ov3cc1oh12cjq,"Primary Health Center Medical Officer - Guddati Anjaiah",+919848011075,2026-08-22T07:01:24.715Z
cmt41578k000pv3ccqwdy7h9e,"Anganwadi Sector Supervisor - Poloju Yadagiri",+919848011074,2026-08-22T07:01:24.836Z
cmt41571u000nv3ccq3br4yck,"Asha Health Worker Incharge - Beerla Shankar",+919848011076,2026-08-22T07:01:24.594Z
cmt4157bv000qv3ccnuyh6axr,"Public Works Department Officer - Survi Suresh",+919848011073,2026-08-22T07:01:24.955Z
cmt4157f8000rv3cclv5jj2r6,"Veterinary Hospital Assistant - Katakam Ramesh",+919848011072,2026-08-22T07:01:25.076Z
cmt4157ii000sv3cc017t412w,"Agriculture Extension Officer - Nalla Mahendar",+919848011071,2026-08-22T07:01:25.194Z
cmt4157lu000tv3cca1tkeb93,"Cooperative Society Director - Rikkala Ravinder",+919848011070,2026-08-22T07:01:25.314Z
cmt4157p7000uv3cczx9fkj57,"Gram Panchayat Ward Member - Gangapuram Satyanarayana",+919848011069,2026-08-22T07:01:25.435Z
cmt4157u2000vv3cctm3r3zid,"Panchayati Raj Field Officer - Koyyada Bhikshapathi",+919848011068,2026-08-22T07:01:25.611Z
cmt4157xe000wv3cc0y5hmpuz,"Electrical Assistant Engineer - Chilukuri Venkatesh",+919848011067,2026-08-22T07:01:25.731Z
cmt41580r000xv3ccqb4nxcma,"Electricity Line Inspector - Gutta Srinivas",+919848011066,2026-08-22T07:01:25.851Z
cmt415845000yv3ccryw0v8es,"Junior Revenue Assistant - Chintala Narsimha",+919848011065,2026-08-22T07:01:25.973Z
cmt41587i000zv3ccrzhno4kb,"Senior Revenue Assistant - Gande Mallaiah",+919848011064,2026-08-22T07:01:26.094Z
cmt4154tg0000v3cc3hof2063,"Handloom Officers Association Director - Rikkala Mahendar",+919848011099,2026-08-22T07:01:21.694Z
cmt4154xr0001v3ccvzxco2oh,"Irrigation Department Assistant - Gangapuram Ravinder",+919848011098,2026-08-22T07:01:21.856Z
cmt4158v90016v3ccbpk2p501,"Village Revenue Assistant VRA - Ubbu Gupta",+919848011057,2026-08-22T07:01:26.949Z
cmt4158yo0017v3cccf30uh0z,"Asha Health Worker Incharge - Komatireddy Rao",+919848011056,2026-08-22T07:01:27.073Z
cmt41591y0018v3cc436sjf8i,"Primary Health Center Medical Officer - Vangala Reddy",+919848011055,2026-08-22T07:01:27.190Z
cmt41595a0019v3cchznk0f3q,"Anganwadi Sector Supervisor - Battu Goud",+919848011054,2026-08-22T07:01:27.310Z
cmt41598n001av3ccgnlga0g8,"Public Works Department Officer - Bandari Balu",+919848011053,2026-08-22T07:01:27.431Z
cmt4159bz001bv3ccgtro15l5,"Veterinary Hospital Assistant - Palle Rajesh",+919848011052,2026-08-22T07:01:27.552Z
cmt4159p8001fv3cc3vg8mm6b,"Panchayati Raj Field Officer - Taduri Shankar",+919848011048,2026-08-22T07:01:28.028Z
cmt4159sn001gv3ccfdqec6zn,"Electrical Assistant Engineer - Beerla Anjaiah",+919848011047,2026-08-22T07:01:28.151Z
cmt4159w0001hv3ccqobk8k1n,"Electricity Line Inspector - Guddati Yadagiri",+919848011046,2026-08-22T07:01:28.273Z
cmt4159zd001iv3cc3qnamjl9,"Junior Revenue Assistant - Poloju Suresh",+919848011045,2026-08-22T07:01:28.393Z
cmt415a2q001jv3cc1zoglphw,"Senior Revenue Assistant - Survi Ramesh",+919848011044,2026-08-22T07:01:28.514Z
cmt415a62001kv3cc2c6cnflw,"Revenue Inspector - Katakam Mahendar",+919848011043,2026-08-22T07:01:28.635Z
cmt415a9f001lv3ccxaviya05,"Police Head Constable - Nalla Ravinder",+919848011042,2026-08-22T07:01:28.756Z
cmt415ad8001mv3ccwdov37gk,"Police Assistant Sub-Inspector - Rikkala Satyanarayana",+919848011041,2026-08-22T07:01:28.892Z
cmt415ago001nv3cc50qfylcl,"Police Sub-Inspector - Gangapuram Bhikshapathi",+919848011040,2026-08-22T07:01:29.017Z
cmt415aka001ov3cc72iz71s4,"Handloom Officers Association Director - Koyyada Venkatesh",+919848011039,2026-08-22T07:01:29.146Z
cmt415ans001pv3cc6p0u6btp,"Irrigation Department Assistant - Chilukuri Srinivas",+919848011038,2026-08-22T07:01:29.273Z
cmt415aqu001qv3cc8wimonfl,"Village Revenue Assistant VRA - Gutta Narsimha",+919848011037,2026-08-22T07:01:29.383Z
cmt415atz001rv3ccpeedzf5n,"Asha Health Worker Incharge - Chintala Mallaiah",+919848011036,2026-08-22T07:01:29.495Z
cmt415ax9001sv3cc9y5s3y2i,"Primary Health Center Medical Officer - Gande Nayak",+919848011035,2026-08-22T07:01:29.613Z
cmt415b0o001tv3cctft3mc4b,"Anganwadi Sector Supervisor - Nandikanti Chary",+919848011034,2026-08-22T07:01:29.736Z
cmt415b42001uv3ccm1l3bxmx,"Public Works Department Officer - Gode Venu",+919848011033,2026-08-22T07:01:29.858Z
cmt415b7f001vv3ccpuwbevmi,"Veterinary Hospital Assistant - Dondapati Shekhar",+919848011032,2026-08-22T07:01:29.980Z
cmt415bas001wv3ccb96x20iv,"Agriculture Extension Officer - Bakkathatla Prasad",+919848011031,2026-08-22T07:01:30.100Z
cmt415be3001xv3cc8smoi08m,"Cooperative Society Director - Boya Kumar",+919848011030,2026-08-22T07:01:30.219Z
cmt415bhf001yv3ccanbs7vdx,"Gram Panchayat Ward Member - Venreddy Gupta",+919848011029,2026-08-22T07:01:30.339Z
cmt415bks001zv3cc807r42vf,"Panchayati Raj Field Officer - Ubbu Rao",+919848011028,2026-08-22T07:01:30.460Z
cmt415bo50020v3ccizo5wpzt,"Electrical Assistant Engineer - Komatireddy Reddy",+919848011027,2026-08-22T07:01:30.582Z
cmt415brj0021v3ccsz6ktuuk,"Electricity Line Inspector - Vangala Goud",+919848011026,2026-08-22T07:01:30.703Z
cmt415buu0022v3cco6xfyssb,"Junior Revenue Assistant - Battu Balu",+919848011025,2026-08-22T07:01:30.822Z
cmt415by60023v3cccchbfnvg,"Senior Revenue Assistant - Bandari Rajesh",+919848011024,2026-08-22T07:01:30.942Z
cmt415c1j0024v3ccynet5tf0,"Revenue Inspector - Palle Gopal",+919848011023,2026-08-22T07:01:31.063Z
cmt415c4u0025v3ccftj0yatu,"Police Head Constable - Bairikonda Lingaiah",+919848011022,2026-08-22T07:01:31.182Z
cmt4158rv0015v3cc4nnow42z,"Irrigation Department Assistant - Venreddy Kumar",+919848011058,2026-08-22T07:01:26.827Z
cmt4158og0014v3ccxbs7vus9,"Handloom Officers Association Director - Boya Prasad",+919848011059,2026-08-22T07:01:26.704Z
cmt4159f9001cv3cczt9dkpyb,"Agriculture Extension Officer - Bairikonda Gopal",+919848011051,2026-08-22T07:01:27.669Z
cmt415erz002vv3cc1upvimqi,"Asha Health Worker Incharge - Battu Rajesh",+919848010996,2026-08-22T07:01:34.608Z
cmt415eva002wv3ccfecarlej,"Primary Health Center Medical Officer - Bandari Gopal",+919848010995,2026-08-22T07:01:34.726Z
cmt415eyo002xv3ccygq2v6qj,"Anganwadi Sector Supervisor - Palle Lingaiah",+919848010994,2026-08-22T07:01:34.848Z
cmt415f22002yv3ccgskgmito,"Public Works Department Officer - Bairikonda Chandraiah",+919848010993,2026-08-22T07:01:34.971Z
cmt415f8t0030v3ccx8ikjyrk,"Agriculture Extension Officer - Marri Anjaiah",+919848010991,2026-08-22T07:01:35.213Z
cmt415f5g002zv3ccjxuqvuf4,"Veterinary Hospital Assistant - Pulugari Shankar",+919848010992,2026-08-22T07:01:35.093Z
cmt415fc60031v3cc5w2gaqo6,"Cooperative Society Director - Taduri Yadagiri",+919848010990,2026-08-22T07:01:35.334Z
cmt415ffj0032v3ccqkujee93,"Gram Panchayat Ward Member - Beerla Suresh",+919848010989,2026-08-22T07:01:35.456Z
cmt415fiy0033v3ccqbfqaj4u,"Panchayati Raj Field Officer - Guddati Ramesh",+919848010988,2026-08-22T07:01:35.578Z
cmt415fm80034v3ccil2jigh8,"Electrical Assistant Engineer - Poloju Mahendar",+919848010987,2026-08-22T07:01:35.696Z
cmt415fpi0035v3cckxgp372k,"Electricity Line Inspector - Survi Ravinder",+919848010986,2026-08-22T07:01:35.814Z
cmt415fsw0036v3ccsuq8hy48,"Junior Revenue Assistant - Katakam Satyanarayana",+919848010985,2026-08-22T07:01:35.936Z
cmt415fzo0038v3cc7osdyj63,"Revenue Inspector - Rikkala Venkatesh",+919848010983,2026-08-22T07:01:36.180Z
cmt415fwa0037v3cclc9rm7v2,"Senior Revenue Assistant - Nalla Bhikshapathi",+919848010984,2026-08-22T07:01:36.058Z
cmt415cel0026v3cc0fpg9xfb,"Police Assistant Sub-Inspector - Pulugari Chandraiah",+919848011021,2026-08-22T07:01:31.534Z
cmt415chz0027v3cckrxxtd4h,"Police Sub-Inspector - Marri Shankar",+919848011020,2026-08-22T07:01:31.655Z
cmt415cld0028v3ccfr1ib4k3,"Handloom Officers Association Director - Taduri Anjaiah",+919848011019,2026-08-22T07:01:31.778Z
cmt415coq0029v3ccyhwbbb9c,"Irrigation Department Assistant - Beerla Yadagiri",+919848011018,2026-08-22T07:01:31.898Z
cmt415cs3002av3cc5y89bz2r,"Village Revenue Assistant VRA - Guddati Suresh",+919848011017,2026-08-22T07:01:32.019Z
cmt415cvg002bv3ccxokngz8a,"Asha Health Worker Incharge - Poloju Ramesh",+919848011016,2026-08-22T07:01:32.140Z
cmt415cyu002cv3ccyaf6vpog,"Primary Health Center Medical Officer - Survi Mahendar",+919848011015,2026-08-22T07:01:32.262Z
cmt415d27002dv3ccd4g6w14y,"Anganwadi Sector Supervisor - Katakam Ravinder",+919848011014,2026-08-22T07:01:32.384Z
cmt415d5k002ev3cc3llvwmw1,"Public Works Department Officer - Nalla Satyanarayana",+919848011013,2026-08-22T07:01:32.504Z
cmt415d8v002fv3ccde1jn7dg,"Veterinary Hospital Assistant - Rikkala Bhikshapathi",+919848011012,2026-08-22T07:01:32.623Z
cmt415dc9002gv3cclb5vk6v0,"Agriculture Extension Officer - Gangapuram Venkatesh",+919848011011,2026-08-22T07:01:32.745Z
cmt415dfi002hv3cc7tz7wtyx,"Cooperative Society Director - Koyyada Srinivas",+919848011010,2026-08-22T07:01:32.862Z
cmt415div002iv3cch4f896lm,"Gram Panchayat Ward Member - Chilukuri Narsimha",+919848011009,2026-08-22T07:01:32.983Z
cmt415dm8002jv3ccpq4l55ge,"Panchayati Raj Field Officer - Gutta Mallaiah",+919848011008,2026-08-22T07:01:33.104Z
cmt415dpi002kv3cc0m9av7o8,"Electrical Assistant Engineer - Chintala Nayak",+919848011007,2026-08-22T07:01:33.222Z
cmt415dsu002lv3ccwpxztdqx,"Electricity Line Inspector - Gande Chary",+919848011006,2026-08-22T07:01:33.342Z
cmt415dw4002mv3cclbssakul,"Junior Revenue Assistant - Nandikanti Venu",+919848011005,2026-08-22T07:01:33.461Z
cmt415dzh002nv3ccokf8ji0e,"Senior Revenue Assistant - Gode Shekhar",+919848011004,2026-08-22T07:01:33.581Z
cmt415e2u002ov3ccvq2tdvt5,"Revenue Inspector - Dondapati Prasad",+919848011003,2026-08-22T07:01:33.703Z
cmt415e68002pv3ccrqlndjfu,"Police Head Constable - Bakkathatla Kumar",+919848011002,2026-08-22T07:01:33.824Z
cmt415e9k002qv3ccmiqimd90,"Police Assistant Sub-Inspector - Boya Gupta",+919848011001,2026-08-22T07:01:33.945Z
cmt415ecz002rv3cckgwjn14a,"Police Sub-Inspector - Venreddy Rao",+919848011000,2026-08-22T07:01:34.068Z
cmt415ehf002sv3ccrvkcozuj,"Handloom Officers Association Director - Ubbu Reddy",+919848010999,2026-08-22T07:01:34.228Z
cmt415eom002uv3cctcijkgrr,"Village Revenue Assistant VRA - Vangala Balu",+919848010997,2026-08-22T07:01:34.487Z
cmt415ghl003dv3ccqbnhicmi,"Irrigation Department Assistant - Chintala Chary",+919848010978,2026-08-22T07:01:36.800Z
cmt415gkz003ev3ccvaqaq0ho,"Village Revenue Assistant VRA - Gande Venu",+919848010977,2026-08-22T07:01:36.947Z
cmt415god003fv3cckw0m87c1,"Asha Health Worker Incharge - Nandikanti Shekhar",+919848010976,2026-08-22T07:01:37.070Z
cmt415grs003gv3ccov4jm1sk,"Primary Health Center Medical Officer - Gode Prasad",+919848010975,2026-08-22T07:01:37.193Z
cmt415gv7003hv3cc5bx0ixih,"Anganwadi Sector Supervisor - Dondapati Kumar",+919848010974,2026-08-22T07:01:37.315Z
cmt415gyl003iv3ccwvxnpna8,"Public Works Department Officer - Bakkathatla Gupta",+919848010973,2026-08-22T07:01:37.437Z
cmt415h1z003jv3ccdvu0rnqi,"Veterinary Hospital Assistant - Boya Rao",+919848010972,2026-08-22T07:01:37.559Z
cmt415h5d003kv3cc9981slgk,"Agriculture Extension Officer - Venreddy Reddy",+919848010971,2026-08-22T07:01:37.681Z
cmt415h8q003lv3cckoyum7og,"Cooperative Society Director - Ubbu Goud",+919848010970,2026-08-22T07:01:37.802Z
cmt415hc3003mv3cc7gdf56f6,"Gram Panchayat Ward Member - Komatireddy Balu",+919848010969,2026-08-22T07:01:37.923Z
cmt415hfi003nv3cc1pbbaz0s,"Panchayati Raj Field Officer - Vangala Rajesh",+919848010968,2026-08-22T07:01:38.046Z
cmt415hiv003ov3ccsr2deynr,"Electrical Assistant Engineer - Battu Gopal",+919848010967,2026-08-22T07:01:38.167Z
cmt415hm8003pv3ccab805mpt,"Electricity Line Inspector - Bandari Lingaiah",+919848010966,2026-08-22T07:01:38.288Z
cmt415hpm003qv3ccox3lr1z2,"Junior Revenue Assistant - Palle Chandraiah",+919848010965,2026-08-22T07:01:38.410Z
cmt415hsy003rv3ccs1xjvsx6,"Senior Revenue Assistant - Bairikonda Shankar",+919848010964,2026-08-22T07:01:38.530Z
cmt415hwc003sv3ccm1qneirl,"Revenue Inspector - Pulugari Anjaiah",+919848010963,2026-08-22T07:01:38.653Z
cmt415hzp003tv3ccb3gb1rfq,"Police Head Constable - Marri Yadagiri",+919848010962,2026-08-22T07:01:38.773Z
cmt415i30003uv3ccvbhgzyc7,"Police Assistant Sub-Inspector - Taduri Suresh",+919848010961,2026-08-22T07:01:38.893Z
cmt415i6f003vv3cco0jvtpcf,"Police Sub-Inspector - Beerla Ramesh",+919848010960,2026-08-22T07:01:39.016Z
cmt415i9s003wv3ccuglulgsl,"Handloom Officers Association Director - Guddati Mahendar",+919848010959,2026-08-22T07:01:39.136Z
cmt415id8003xv3ccrmnaqk62,"Irrigation Department Assistant - Poloju Ravinder",+919848010958,2026-08-22T07:01:39.260Z
cmt415ign003yv3cc4b70ba2h,"Village Revenue Assistant VRA - Survi Satyanarayana",+919848010957,2026-08-22T07:01:39.383Z
cmt415ijz003zv3cc9lcyihgh,"Asha Health Worker Incharge - Katakam Bhikshapathi",+919848010956,2026-08-22T07:01:39.503Z
cmt415ina0040v3ccm7w726ap,"Primary Health Center Medical Officer - Nalla Venkatesh",+919848010955,2026-08-22T07:01:39.623Z
cmt415iqv0041v3cc6pnx9kyj,"Anganwadi Sector Supervisor - Rikkala Srinivas",+919848010954,2026-08-22T07:01:39.752Z
cmt415iub0042v3cco3ror330,"Public Works Department Officer - Gangapuram Narsimha",+919848010953,2026-08-22T07:01:39.875Z
cmt415ixl0043v3ccyarkngss,"Veterinary Hospital Assistant - Koyyada Mallaiah",+919848010952,2026-08-22T07:01:39.994Z
cmt415j100044v3ccpm672r2v,"Agriculture Extension Officer - Chilukuri Nayak",+919848010951,2026-08-22T07:01:40.117Z
cmt415j4e0045v3ccoq9jhz67,"Cooperative Society Director - Gutta Chary",+919848010950,2026-08-22T07:01:40.238Z
cmt415j7r0046v3ccq63ravhr,"Gram Panchayat Ward Member - Chintala Venu",+919848010949,2026-08-22T07:01:40.360Z
cmt415jb50047v3ccw1ji7qs2,"Panchayati Raj Field Officer - Gande Shekhar",+919848010948,2026-08-22T07:01:40.482Z
cmt415jel0048v3ccdrypf7gr,"Electrical Assistant Engineer - Nandikanti Prasad",+919848010947,2026-08-22T07:01:40.605Z
cmt415jhz0049v3ccyp8u0vex,"Electricity Line Inspector - Gode Kumar",+919848010946,2026-08-22T07:01:40.727Z
cmt415jlc004av3cc0eriltw2,"Junior Revenue Assistant - Dondapati Gupta",+919848010945,2026-08-22T07:01:40.848Z
cmt415jon004bv3cccnq4gdbx,"Senior Revenue Assistant - Bakkathatla Rao",+919848010944,2026-08-22T07:01:40.967Z
cmt415g6i003av3ccyda3oy0n,"Police Assistant Sub-Inspector - Koyyada Narsimha",+919848010981,2026-08-22T07:01:36.426Z
cmt415g9v003bv3ccjn2518u4,"Police Sub-Inspector - Chilukuri Mallaiah",+919848010980,2026-08-22T07:01:36.548Z
cmt415k24004fv3cce3byph9d,"Police Sub-Inspector - Komatireddy Rajesh",+919848010940,2026-08-22T07:01:41.452Z
cmt415k5g004gv3ccd7sdb1ei,"Handloom Officers Association Director - Vangala Gopal",+919848010939,2026-08-22T07:01:41.573Z
cmt415k8q004hv3cccjwjm3vu,"Irrigation Department Assistant - Battu Lingaiah",+919848010938,2026-08-22T07:01:41.690Z
cmt415kiu004kv3ccikgsqk6b,"Primary Health Center Medical Officer - Bairikonda Anjaiah",+919848010935,2026-08-22T07:01:42.055Z
cmt415kc3004iv3cc1iaq7v8r,"Village Revenue Assistant VRA - Bandari Chandraiah",+919848010937,2026-08-22T07:01:41.812Z
cmt415km7004lv3cchmo5gfrj,"Anganwadi Sector Supervisor - Pulugari Yadagiri",+919848010934,2026-08-22T07:01:42.176Z
cmt415kpm004mv3ccpn2yvgkl,"Public Works Department Officer - Marri Suresh",+919848010933,2026-08-22T07:01:42.298Z
cmt415kt0004nv3ccxfhkatr4,"Veterinary Hospital Assistant - Taduri Ramesh",+919848010932,2026-08-22T07:01:42.420Z
cmt415kwb004ov3cc32kp09m7,"Agriculture Extension Officer - Beerla Mahendar",+919848010931,2026-08-22T07:01:42.539Z
cmt415kzn004pv3ccuezc3otb,"Cooperative Society Director - Guddati Ravinder",+919848010930,2026-08-22T07:01:42.660Z
cmt415l31004qv3cciv1pa1fn,"Gram Panchayat Ward Member - Poloju Satyanarayana",+919848010929,2026-08-22T07:01:42.781Z
cmt415l6e004rv3ccv2k2hjv3,"Panchayati Raj Field Officer - Survi Bhikshapathi",+919848010928,2026-08-22T07:01:42.902Z
cmt415l9s004sv3cc1eytzlml,"Electrical Assistant Engineer - Katakam Venkatesh",+919848010927,2026-08-22T07:01:43.024Z
cmt415ld4004tv3cc32cq5x7w,"Electricity Line Inspector - Nalla Srinivas",+919848010926,2026-08-22T07:01:43.145Z
cmt415lgi004uv3ccfhm0w8bt,"Junior Revenue Assistant - Rikkala Narsimha",+919848010925,2026-08-22T07:01:43.266Z
cmt415ljv004vv3cczquv57o2,"Senior Revenue Assistant - Gangapuram Mallaiah",+919848010924,2026-08-22T07:01:43.387Z
cmt415ln4004wv3ccus81dk71,"Revenue Inspector - Koyyada Nayak",+919848010923,2026-08-22T07:01:43.504Z
cmt415lqh004xv3ccrlk3cji8,"Police Head Constable - Chilukuri Chary",+919848010922,2026-08-22T07:01:43.625Z
cmt415lty004yv3ccidyh6xxx,"Police Assistant Sub-Inspector - Gutta Venu",+919848010921,2026-08-22T07:01:43.750Z
cmt415lxb004zv3cczeqfb384,"Police Sub-Inspector - Chintala Shekhar",+919848010920,2026-08-22T07:01:43.872Z
cmt415m0n0050v3cc6xb5zxv3,"Handloom Officers Association Director - Gande Prasad",+919848010919,2026-08-22T07:01:43.992Z
cmt415m410051v3cc33nhrs7u,"Irrigation Department Assistant - Nandikanti Kumar",+919848010918,2026-08-22T07:01:44.113Z
cmt415jyr004ev3ccux4l1ffq,"Police Assistant Sub-Inspector - Ubbu Balu",+919848010941,2026-08-22T07:01:41.331Z
cmt415m7d0052v3ccaivjas2p,"Village Revenue Assistant VRA - Gode Gupta",+919848010917,2026-08-22T07:01:44.233Z
cmt415mar0053v3ccz3y5if6z,"Asha Health Worker Incharge - Dondapati Rao",+919848010916,2026-08-22T07:01:44.355Z
cmt415me50054v3cckjjug7om,"Primary Health Center Medical Officer - Bakkathatla Reddy",+919848010915,2026-08-22T07:01:44.478Z
cmt415mhj0055v3ccfwsrwoq0,"Anganwadi Sector Supervisor - Boya Goud",+919848010914,2026-08-22T07:01:44.599Z
cmt415mkw0056v3ccr5h27qar,"Public Works Department Officer - Venreddy Balu",+919848010913,2026-08-22T07:01:44.720Z
cmt415moa0057v3ccbnfztdrm,"Veterinary Hospital Assistant - Ubbu Rajesh",+919848010912,2026-08-22T07:01:44.843Z
cmt415mrp0058v3cc0w9032q9,"Agriculture Extension Officer - Komatireddy Gopal",+919848010911,2026-08-22T07:01:44.965Z
cmt415mv50059v3cceb55cm6k,"Cooperative Society Director - Vangala Lingaiah",+919848010910,2026-08-22T07:01:45.089Z
cmt415myg005av3cc80cl06a9,"Gram Panchayat Ward Member - Battu Chandraiah",+919848010909,2026-08-22T07:01:45.208Z
cmt415n1v005bv3ccli05qsk5,"Panchayati Raj Field Officer - Bandari Shankar",+919848010908,2026-08-22T07:01:45.331Z
cmt415n58005cv3cchtnt31r5,"Electrical Assistant Engineer - Palle Anjaiah",+919848010907,2026-08-22T07:01:45.453Z
cmt415n8m005dv3ccilekvesm,"Electricity Line Inspector - Bairikonda Yadagiri",+919848010906,2026-08-22T07:01:45.575Z
cmt415nby005ev3ccsm2i8qny,"Junior Revenue Assistant - Pulugari Suresh",+919848010905,2026-08-22T07:01:45.694Z
cmt415jve004dv3cct8s2z999,"Police Head Constable - Venreddy Goud",+919848010942,2026-08-22T07:01:41.210Z
cmt415oem005pv3ccbasd5hc5,"Anganwadi Sector Supervisor - Koyyada Chary",+919848010894,2026-08-22T07:01:47.087Z
cmt415oi0005qv3ccp2w7c6vi,"Public Works Department Officer - Chilukuri Venu",+919848010893,2026-08-22T07:01:47.209Z
cmt415old005rv3ccb8jsi2aj,"Veterinary Hospital Assistant - Gutta Shekhar",+919848010892,2026-08-22T07:01:47.329Z
cmt415oom005sv3ccpt6wrssy,"Agriculture Extension Officer - Chintala Prasad",+919848010891,2026-08-22T07:01:47.447Z
cmt415oyy005vv3ccr7egrkx9,"Panchayati Raj Field Officer - Gode Rao",+919848010888,2026-08-22T07:01:47.819Z
cmt415os0005tv3cctael5hrc,"Cooperative Society Director - Gande Kumar",+919848010890,2026-08-22T07:01:47.568Z
cmt415ove005uv3ccmb2pzlp7,"Gram Panchayat Ward Member - Nandikanti Gupta",+919848010889,2026-08-22T07:01:47.690Z
cmt415p2c005wv3ccrwynpnt4,"Electrical Assistant Engineer - Dondapati Reddy",+919848010887,2026-08-22T07:01:47.940Z
cmt415p5r005xv3ccwbd8dpgz,"Electricity Line Inspector - Bakkathatla Goud",+919848010886,2026-08-22T07:01:48.063Z
cmt415pca005zv3ccoa99ma3t,"Senior Revenue Assistant - Venreddy Rajesh",+919848010884,2026-08-22T07:01:48.298Z
cmt415pj30061v3ccsq5rjz2c,"Police Head Constable - Komatireddy Lingaiah",+919848010882,2026-08-22T07:01:48.544Z
cmt415pfn0060v3ccaz0fr54b,"Revenue Inspector - Ubbu Gopal",+919848010883,2026-08-22T07:01:48.420Z
cmt415p8y005yv3ccnr9rmfgh,"Junior Revenue Assistant - Boya Balu",+919848010885,2026-08-22T07:01:48.179Z
cmt415pmj0062v3ccmvusv8cp,"Police Assistant Sub-Inspector - Vangala Chandraiah",+919848010881,2026-08-22T07:01:48.667Z
cmt415ppv0063v3cczdkt863y,"Police Sub-Inspector - Battu Shankar",+919848010880,2026-08-22T07:01:48.788Z
cmt415pzz0066v3ccihmq2quj,"Village Revenue Assistant VRA - Bairikonda Suresh",+919848010877,2026-08-22T07:01:49.152Z
cmt415qa50069v3ccw9o4bux4,"Anganwadi Sector Supervisor - Taduri Ravinder",+919848010874,2026-08-22T07:01:49.517Z
cmt415q3d0067v3cci2ubv8b1,"Asha Health Worker Incharge - Pulugari Ramesh",+919848010876,2026-08-22T07:01:49.274Z
cmt415pt90064v3ccj9tc11rw,"Handloom Officers Association Director - Bandari Anjaiah",+919848010879,2026-08-22T07:01:48.910Z
cmt415qdk006av3cczjkgyo3c,"Public Works Department Officer - Beerla Satyanarayana",+919848010873,2026-08-22T07:01:49.640Z
cmt415pwm0065v3ccbvr7n2xp,"Irrigation Department Assistant - Palle Yadagiri",+919848010878,2026-08-22T07:01:49.031Z
cmt415q6r0068v3cchum2b9k7,"Primary Health Center Medical Officer - Marri Mahendar",+919848010875,2026-08-22T07:01:49.395Z
cmt415qgx006bv3ccv4s6kue4,"Veterinary Hospital Assistant - Guddati Bhikshapathi",+919848010872,2026-08-22T07:01:49.761Z
cmt415qxj006gv3ccruri34if,"Electrical Assistant Engineer - Rikkala Nayak",+919848010867,2026-08-22T07:01:50.360Z
cmt415qu6006fv3ccmgsegoo8,"Panchayati Raj Field Officer - Nalla Mallaiah",+919848010868,2026-08-22T07:01:50.239Z
cmt415nfa005fv3cckrjwhdes,"Senior Revenue Assistant - Marri Ramesh",+919848010904,2026-08-22T07:01:45.814Z
cmt415r0w006hv3cckv0uh7wv,"Electricity Line Inspector - Gangapuram Chary",+919848010866,2026-08-22T07:01:50.480Z
cmt415r48006iv3cc4b91g6pc,"Junior Revenue Assistant - Koyyada Venu",+919848010865,2026-08-22T07:01:50.600Z
cmt415qk9006cv3ccdo1ndkdd,"Agriculture Extension Officer - Poloju Venkatesh",+919848010871,2026-08-22T07:01:49.882Z
cmt415qnl006dv3ccfxn6klj7,"Cooperative Society Director - Survi Srinivas",+919848010870,2026-08-22T07:01:50.001Z
cmt415qqs006ev3cclbc7jmsx,"Gram Panchayat Ward Member - Katakam Narsimha",+919848010869,2026-08-22T07:01:50.117Z
cmt415nin005gv3ccwhlshsho,"Revenue Inspector - Taduri Mahendar",+919848010903,2026-08-22T07:01:45.936Z
cmt415nm9005hv3ccun3r3np7,"Police Head Constable - Beerla Ravinder",+919848010902,2026-08-22T07:01:46.065Z
cmt415nqs005iv3cc9ygmuhni,"Police Assistant Sub-Inspector - Guddati Satyanarayana",+919848010901,2026-08-22T07:01:46.229Z
cmt415nu4005jv3cccd67xrlo,"Police Sub-Inspector - Poloju Bhikshapathi",+919848010900,2026-08-22T07:01:46.349Z
cmt415o4h005mv3ccln5zec5b,"Village Revenue Assistant VRA - Nalla Narsimha",+919848010897,2026-08-22T07:01:46.721Z
cmt415o7u005nv3ccildk45zx,"Asha Health Worker Incharge - Rikkala Mallaiah",+919848010896,2026-08-22T07:01:46.843Z
cmt415ob9005ov3ccziudc4a4,"Primary Health Center Medical Officer - Gangapuram Nayak",+919848010895,2026-08-22T07:01:46.965Z
cmt415rm4006nv3ccvdug3sa6,"Police Sub-Inspector - Nandikanti Rao",+919848010860,2026-08-22T07:01:51.245Z
cmt415rpf006ov3ccvt3i4fg1,"Handloom Officers Association Director - Gode Reddy",+919848010859,2026-08-22T07:01:51.363Z
cmt415rhm006mv3ccuz8ogjzz,"Police Assistant Sub-Inspector - Gande Gupta",+919848010861,2026-08-22T07:01:51.083Z
cmt415rt0006pv3ccmvoxw14p,"Irrigation Department Assistant - Dondapati Goud",+919848010858,2026-08-22T07:01:51.492Z
cmt415sgy006wv3cchntbhkz6,"Agriculture Extension Officer - Battu Anjaiah",+919848010851,2026-08-22T07:01:52.355Z
cmt415rw9006qv3cc9b686vsu,"Village Revenue Assistant VRA - Bakkathatla Balu",+919848010857,2026-08-22T07:01:51.609Z
cmt415sk9006xv3cc7o8zley3,"Cooperative Society Director - Bandari Yadagiri",+919848010850,2026-08-22T07:01:52.474Z
cmt415sac006uv3ccafog8od7,"Public Works Department Officer - Komatireddy Chandraiah",+919848010853,2026-08-22T07:01:52.116Z
cmt415s3i006sv3ccw6no8pf0,"Primary Health Center Medical Officer - Venreddy Gopal",+919848010855,2026-08-22T07:01:51.847Z
cmt415sdm006vv3ccsh9ii6qy,"Veterinary Hospital Assistant - Vangala Shankar",+919848010852,2026-08-22T07:01:52.234Z
cmt415snl006yv3ccpzy32tl4,"Gram Panchayat Ward Member - Palle Suresh",+919848010849,2026-08-22T07:01:52.593Z
cmt415sqq006zv3cc2aj7cg8n,"Panchayati Raj Field Officer - Bairikonda Ramesh",+919848010848,2026-08-22T07:01:52.707Z
cmt415stz0070v3cczzdfvwwv,"Electrical Assistant Engineer - Pulugari Mahendar",+919848010847,2026-08-22T07:01:52.823Z
cmt415s6t006tv3ccez979gsr,"Anganwadi Sector Supervisor - Ubbu Lingaiah",+919848010854,2026-08-22T07:01:51.990Z
cmt415sxd0071v3ccp6s6e5ku,"Electricity Line Inspector - Marri Ravinder",+919848010846,2026-08-22T07:01:52.945Z
cmt415tae0075v3cc1qw3jm5d,"Police Head Constable - Poloju Srinivas",+919848010842,2026-08-22T07:01:53.415Z
cmt415tdq0076v3ccs9zra7zn,"Police Assistant Sub-Inspector - Survi Narsimha",+919848010841,2026-08-22T07:01:53.534Z
cmt415th10077v3ccmu6s4m6s,"Police Sub-Inspector - Katakam Mallaiah",+919848010840,2026-08-22T07:01:53.653Z
cmt415t0i0072v3cctmk6fu4d,"Junior Revenue Assistant - Taduri Satyanarayana",+919848010845,2026-08-22T07:01:53.058Z
cmt415txq007cv3ccuc2g4de2,"Primary Health Center Medical Officer - Chilukuri Prasad",+919848010835,2026-08-22T07:01:54.255Z
cmt415tkc0078v3ccy8fijzn6,"Handloom Officers Association Director - Nalla Nayak",+919848010839,2026-08-22T07:01:53.772Z
cmt415t3o0073v3ccwg9lbhay,"Senior Revenue Assistant - Beerla Bhikshapathi",+919848010844,2026-08-22T07:01:53.172Z
cmt415uem007hv3cck9lyti3a,"Cooperative Society Director - Gode Goud",+919848010830,2026-08-22T07:01:54.863Z
cmt415tnn0079v3cc5161kbll,"Irrigation Department Assistant - Rikkala Chary",+919848010838,2026-08-22T07:01:53.892Z
cmt415ui0007iv3cc39kzmw59,"Gram Panchayat Ward Member - Dondapati Balu",+919848010829,2026-08-22T07:01:54.984Z
cmt415u14007dv3ccamgspuu6,"Anganwadi Sector Supervisor - Gutta Kumar",+919848010834,2026-08-22T07:01:54.376Z
cmt415ulb007jv3cce1d3j548,"Panchayati Raj Field Officer - Bakkathatla Rajesh",+919848010828,2026-08-22T07:01:55.103Z
cmt415t710074v3ccozo67vw5,"Revenue Inspector - Guddati Venkatesh",+919848010843,2026-08-22T07:01:53.293Z
cmt415uop007kv3cc8ob6j3oi,"Electrical Assistant Engineer - Boya Gopal",+919848010827,2026-08-22T07:01:55.225Z
cmt415tr0007av3cckc92fblx,"Village Revenue Assistant VRA - Gangapuram Venu",+919848010837,2026-08-22T07:01:54.012Z
cmt415us0007lv3ccvlrz9g5p,"Electricity Line Inspector - Venreddy Lingaiah",+919848010826,2026-08-22T07:01:55.345Z
cmt415u4f007ev3cc57uowedd,"Public Works Department Officer - Chintala Gupta",+919848010833,2026-08-22T07:01:54.496Z
cmt415tuc007bv3ccs9of0waq,"Asha Health Worker Incharge - Koyyada Shekhar",+919848010836,2026-08-22T07:01:54.132Z
cmt415uvc007mv3ccyvlpygvt,"Junior Revenue Assistant - Ubbu Chandraiah",+919848010825,2026-08-22T07:01:55.464Z
cmt415u7r007fv3cclild5cyu,"Veterinary Hospital Assistant - Gande Rao",+919848010832,2026-08-22T07:01:54.616Z
cmt415re9006lv3ccndt7xj6z,"Police Head Constable - Chintala Kumar",+919848010862,2026-08-22T07:01:50.961Z
cmt415ub6007gv3cc00djn6mi,"Agriculture Extension Officer - Nandikanti Reddy",+919848010831,2026-08-22T07:01:54.739Z
cmt415ray006kv3ccww1exxik,"Revenue Inspector - Gutta Prasad",+919848010863,2026-08-22T07:01:50.842Z
cmt415vc8007rv3cc9iu5g3w6,"Police Sub-Inspector - Palle Ramesh",+919848010820,2026-08-22T07:01:56.073Z
cmt415vfm007sv3cc7kcsg7lp,"Handloom Officers Association Director - Bairikonda Mahendar",+919848010819,2026-08-22T07:01:56.194Z
cmt415vj0007tv3cc4vef26rw,"Irrigation Department Assistant - Pulugari Ravinder",+919848010818,2026-08-22T07:01:56.317Z
cmt415vxf007xv3ccwifpgiud,"Anganwadi Sector Supervisor - Guddati Srinivas",+919848010814,2026-08-22T07:01:56.835Z
cmt415xiv008ev3cctvef115h,"Village Revenue Assistant VRA - Venreddy Chandraiah",+919848010797,2026-08-22T07:01:58.903Z
cmt415xpx008gv3ccw2ojpckn,"Primary Health Center Medical Officer - Komatireddy Anjaiah",+919848010795,2026-08-22T07:01:59.157Z
cmt415xmi008fv3ccla615wxw,"Asha Health Worker Incharge - Ubbu Shankar",+919848010796,2026-08-22T07:01:59.034Z
cmt415xta008hv3cch9sw30ux,"Anganwadi Sector Supervisor - Vangala Yadagiri",+919848010794,2026-08-22T07:01:59.279Z
cmt415y3h008kv3cchdnz9qrs,"Agriculture Extension Officer - Palle Mahendar",+919848010791,2026-08-22T07:01:59.645Z
cmt415y6u008lv3ccs98asxd2,"Cooperative Society Director - Bairikonda Ravinder",+919848010790,2026-08-22T07:01:59.766Z
cmt415ya6008mv3cc0gzdywo3,"Gram Panchayat Ward Member - Pulugari Satyanarayana",+919848010789,2026-08-22T07:01:59.886Z
cmt415ydj008nv3cckn5jztps,"Panchayati Raj Field Officer - Marri Bhikshapathi",+919848010788,2026-08-22T07:02:00.007Z
cmt415ygy008ov3cczskj60dy,"Electrical Assistant Engineer - Taduri Venkatesh",+919848010787,2026-08-22T07:02:00.130Z
cmt415xwr008iv3ccplaelni9,"Public Works Department Officer - Battu Suresh",+919848010793,2026-08-22T07:01:59.403Z
cmt415ykd008pv3ccwwbax457,"Electricity Line Inspector - Beerla Srinivas",+919848010786,2026-08-22T07:02:00.254Z
cmt415uyp007nv3cc76x6ww77,"Senior Revenue Assistant - Komatireddy Shankar",+919848010824,2026-08-22T07:01:55.586Z
cmt415y04008jv3cc3l9cjhok,"Veterinary Hospital Assistant - Bandari Ramesh",+919848010792,2026-08-22T07:01:59.524Z
cmt415v5i007pv3ccyeq4wloe,"Police Head Constable - Battu Yadagiri",+919848010822,2026-08-22T07:01:55.830Z
cmt415v8v007qv3ccaweqmon6,"Police Assistant Sub-Inspector - Bandari Suresh",+919848010821,2026-08-22T07:01:55.951Z
cmt415vme007uv3ccogbg0b6w,"Village Revenue Assistant VRA - Marri Satyanarayana",+919848010817,2026-08-22T07:01:56.438Z
cmt415vpt007vv3cc76d917qd,"Asha Health Worker Incharge - Taduri Bhikshapathi",+919848010816,2026-08-22T07:01:56.561Z
cmt415vt7007wv3ccofee0a8t,"Primary Health Center Medical Officer - Beerla Venkatesh",+919848010815,2026-08-22T07:01:56.683Z
cmt415w12007yv3ccb9r384wt,"Public Works Department Officer - Poloju Narsimha",+919848010813,2026-08-22T07:01:56.966Z
cmt415w4g007zv3ccdxsa28xu,"Veterinary Hospital Assistant - Survi Mallaiah",+919848010812,2026-08-22T07:01:57.088Z
cmt415w7r0080v3ccfnq9gowk,"Agriculture Extension Officer - Katakam Nayak",+919848010811,2026-08-22T07:01:57.207Z
cmt415wb30081v3cco0gg5bp1,"Cooperative Society Director - Nalla Chary",+919848010810,2026-08-22T07:01:57.328Z
cmt415wef0082v3cc2w4al83e,"Gram Panchayat Ward Member - Rikkala Venu",+919848010809,2026-08-22T07:01:57.447Z
cmt415whr0083v3cc292jddji,"Panchayati Raj Field Officer - Gangapuram Shekhar",+919848010808,2026-08-22T07:01:57.568Z
cmt415wl40084v3cc87eq7lek,"Electrical Assistant Engineer - Koyyada Prasad",+919848010807,2026-08-22T07:01:57.689Z
cmt415wog0085v3ccsl9gffat,"Electricity Line Inspector - Chilukuri Kumar",+919848010806,2026-08-22T07:01:57.809Z
cmt415wru0086v3ccgiauir8c,"Junior Revenue Assistant - Gutta Gupta",+919848010805,2026-08-22T07:01:57.930Z
cmt415wvc0087v3cc1isu9xt3,"Senior Revenue Assistant - Chintala Rao",+919848010804,2026-08-22T07:01:58.056Z
cmt415wyp0088v3ccezlwfnup,"Revenue Inspector - Gande Reddy",+919848010803,2026-08-22T07:01:58.177Z
cmt415x260089v3cckjza81xf,"Police Head Constable - Nandikanti Goud",+919848010802,2026-08-22T07:01:58.302Z
cmt415x5k008av3cct2bykdiy,"Police Assistant Sub-Inspector - Gode Balu",+919848010801,2026-08-22T07:01:58.424Z
cmt415x8w008bv3cc4esfs4fn,"Police Sub-Inspector - Dondapati Rajesh",+919848010800,2026-08-22T07:01:58.545Z
cmt415xfg008dv3cccjq0r2oq,"Irrigation Department Assistant - Boya Lingaiah",+919848010798,2026-08-22T07:01:58.781Z
cmt415z17008uv3cccynreh87,"Police Assistant Sub-Inspector - Nalla Venu",+919848010781,2026-08-22T07:02:00.859Z
cmt415yxv008tv3cc3ir143g5,"Police Head Constable - Katakam Chary",+919848010782,2026-08-22T07:02:00.739Z
cmt415z4j008vv3ccrwki94ib,"Police Sub-Inspector - Rikkala Shekhar",+919848010780,2026-08-22T07:02:00.980Z
cmt4165c800apv3ccrl9w5wvq,"Anganwadi Sector Supervisor - Gode Lingaiah",+919848010714,2026-08-22T07:02:09.032Z
cmt4166xu00b6v3cco777iaqp,"Village Revenue Assistant VRA - Poloju Venu",+919848010697,2026-08-22T07:02:11.106Z
cmt41671700b7v3cce984evtg,"Asha Health Worker Incharge - Survi Shekhar",+919848010696,2026-08-22T07:02:11.227Z
cmt41674k00b8v3ccjqbopt6x,"Primary Health Center Medical Officer - Katakam Prasad",+919848010695,2026-08-22T07:02:11.348Z
cmt4167bb00bav3cc6a5emj1t,"Public Works Department Officer - Rikkala Gupta",+919848010693,2026-08-22T07:02:11.591Z
cmt41677y00b9v3ccfe83uqod,"Anganwadi Sector Supervisor - Nalla Kumar",+919848010694,2026-08-22T07:02:11.470Z
cmt4167eo00bbv3cc7v8e6irx,"Veterinary Hospital Assistant - Gangapuram Rao",+919848010692,2026-08-22T07:02:11.712Z
cmt4167i000bcv3cc4szrc2q5,"Agriculture Extension Officer - Koyyada Reddy",+919848010691,2026-08-22T07:02:11.832Z
cmt4167oq00bev3cc6gzoqdnh,"Gram Panchayat Ward Member - Gutta Balu",+919848010689,2026-08-22T07:02:12.075Z
cmt4167lc00bdv3ccm8693sci,"Cooperative Society Director - Chilukuri Goud",+919848010690,2026-08-22T07:02:11.953Z
cmt4167s300bfv3ccgsvyo0uc,"Panchayati Raj Field Officer - Chintala Rajesh",+919848010688,2026-08-22T07:02:12.195Z
cmt415yr3008rv3ccezuhyvvs,"Senior Revenue Assistant - Poloju Mallaiah",+919848010784,2026-08-22T07:02:00.495Z
cmt4167ys00bhv3ccxgsby929,"Electricity Line Inspector - Nandikanti Lingaiah",+919848010686,2026-08-22T07:02:12.437Z
cmt41682700biv3ccq9mtiupp,"Junior Revenue Assistant - Gode Chandraiah",+919848010685,2026-08-22T07:02:12.559Z
cmt415yug008sv3ccn7bsa6r3,"Revenue Inspector - Survi Nayak",+919848010783,2026-08-22T07:02:00.616Z
cmt415z7w008wv3cce6vocv7y,"Handloom Officers Association Director - Gangapuram Prasad",+919848010779,2026-08-22T07:02:01.101Z
cmt41655i00anv3ccqjvzrdy8,"Asha Health Worker Incharge - Gande Rajesh",+919848010716,2026-08-22T07:02:08.790Z
cmt41658v00aov3ccdkltwpfo,"Primary Health Center Medical Officer - Nandikanti Gopal",+919848010715,2026-08-22T07:02:08.911Z
cmt4165fm00aqv3cc499jyr2t,"Public Works Department Officer - Dondapati Chandraiah",+919848010713,2026-08-22T07:02:09.155Z
cmt4165j000arv3cc6njszbic,"Veterinary Hospital Assistant - Bakkathatla Shankar",+919848010712,2026-08-22T07:02:09.276Z
cmt4165md00asv3ccw8ehhpp4,"Agriculture Extension Officer - Boya Anjaiah",+919848010711,2026-08-22T07:02:09.397Z
cmt4165pq00atv3ccp97smqlu,"Cooperative Society Director - Venreddy Yadagiri",+919848010710,2026-08-22T07:02:09.518Z
cmt4165t200auv3cc6xvp10ew,"Gram Panchayat Ward Member - Ubbu Suresh",+919848010709,2026-08-22T07:02:09.639Z
cmt4165wg00avv3ccoz7x0p8n,"Panchayati Raj Field Officer - Komatireddy Ramesh",+919848010708,2026-08-22T07:02:09.760Z
cmt4165zu00awv3ccx3x35vpq,"Electrical Assistant Engineer - Vangala Mahendar",+919848010707,2026-08-22T07:02:09.882Z
cmt41663700axv3ccyyu67a1c,"Electricity Line Inspector - Battu Ravinder",+919848010706,2026-08-22T07:02:10.003Z
cmt41666k00ayv3cc2i19gvrf,"Junior Revenue Assistant - Bandari Satyanarayana",+919848010705,2026-08-22T07:02:10.124Z
cmt41669x00azv3ccjo9cnzey,"Senior Revenue Assistant - Palle Bhikshapathi",+919848010704,2026-08-22T07:02:10.245Z
cmt4166da00b0v3ccerw6cw6f,"Revenue Inspector - Bairikonda Venkatesh",+919848010703,2026-08-22T07:02:10.367Z
cmt4166gt00b1v3ccedp57edc,"Police Head Constable - Pulugari Srinivas",+919848010702,2026-08-22T07:02:10.494Z
cmt4166k700b2v3ccivhoitnu,"Police Assistant Sub-Inspector - Marri Narsimha",+919848010701,2026-08-22T07:02:10.616Z
cmt4166nk00b3v3ccuiiiih6r,"Police Sub-Inspector - Taduri Mallaiah",+919848010700,2026-08-22T07:02:10.737Z
cmt4166qz00b4v3cc4qk38col,"Handloom Officers Association Director - Beerla Nayak",+919848010699,2026-08-22T07:02:10.859Z
cmt4166uf00b5v3cc38cew4b7,"Irrigation Department Assistant - Guddati Chary",+919848010698,2026-08-22T07:02:10.983Z
cmt4168pr00bpv3cc6x8zrvwi,"Irrigation Department Assistant - Vangala Ravinder",+919848010678,2026-08-22T07:02:13.408Z
cmt4168t500bqv3ccahu0yw9y,"Village Revenue Assistant VRA - Battu Satyanarayana",+919848010677,2026-08-22T07:02:13.529Z
cmt41690s00bsv3ccvqktc3rx,"Primary Health Center Medical Officer - Palle Venkatesh",+919848010675,2026-08-22T07:02:13.804Z
cmt4168c800blv3cco6taa9no,"Police Head Constable - Boya Yadagiri",+919848010682,2026-08-22T07:02:12.920Z
cmt41694600btv3cc9fsbfz09,"Anganwadi Sector Supervisor - Bairikonda Srinivas",+919848010674,2026-08-22T07:02:13.926Z
cmt4169l200byv3ccvbvv6qzs,"Gram Panchayat Ward Member - Guddati Venu",+919848010669,2026-08-22T07:02:14.534Z
cmt4169og00bzv3cczw9r80ub,"Panchayati Raj Field Officer - Poloju Shekhar",+919848010668,2026-08-22T07:02:14.656Z
cmt4168iy00bnv3cc02ke329v,"Police Sub-Inspector - Ubbu Ramesh",+919848010680,2026-08-22T07:02:13.162Z
cmt41697i00buv3cc5uqgl5pj,"Public Works Department Officer - Pulugari Narsimha",+919848010673,2026-08-22T07:02:14.046Z
cmt4169sc00c0v3ccrwm3beug,"Electrical Assistant Engineer - Survi Prasad",+919848010667,2026-08-22T07:02:14.796Z
cmt4169aw00bvv3ccjal76t7q,"Veterinary Hospital Assistant - Marri Mallaiah",+919848010672,2026-08-22T07:02:14.168Z
cmt4169wo00c1v3ccsozsorg4,"Electricity Line Inspector - Katakam Kumar",+919848010666,2026-08-22T07:02:14.953Z
cmt4169ea00bwv3ccr47mylt0,"Agriculture Extension Officer - Taduri Nayak",+919848010671,2026-08-22T07:02:14.290Z
cmt4168md00bov3ccou0i0glf,"Handloom Officers Association Director - Komatireddy Mahendar",+919848010679,2026-08-22T07:02:13.285Z
cmt416a0100c2v3ccfmdsizqk,"Junior Revenue Assistant - Nalla Gupta",+919848010665,2026-08-22T07:02:15.073Z
cmt416a3e00c3v3ccezq3p10q,"Senior Revenue Assistant - Rikkala Rao",+919848010664,2026-08-22T07:02:15.194Z
cmt4169ho00bxv3cc2onkdod2,"Cooperative Society Director - Beerla Chary",+919848010670,2026-08-22T07:02:14.412Z
cmt416b7p00cfv3cc2dfpn1h0,"Veterinary Hospital Assistant - Venreddy Ramesh",+919848010652,2026-08-22T07:02:16.645Z
cmt416bb300cgv3ccj8911la0,"Agriculture Extension Officer - Ubbu Mahendar",+919848010651,2026-08-22T07:02:16.768Z
cmt416a6q00c4v3ccmkw9whff,"Revenue Inspector - Gangapuram Reddy",+919848010663,2026-08-22T07:02:15.315Z
cmt416beh00chv3ccsig5blho,"Cooperative Society Director - Komatireddy Ravinder",+919848010650,2026-08-22T07:02:16.889Z
cmt416bhq00civ3ccu2itsqqa,"Gram Panchayat Ward Member - Vangala Satyanarayana",+919848010649,2026-08-22T07:02:17.006Z
cmt416bl300cjv3ccr4tq2nde,"Panchayati Raj Field Officer - Battu Bhikshapathi",+919848010648,2026-08-22T07:02:17.127Z
cmt416aa100c5v3cc2nrq74d5,"Police Head Constable - Koyyada Goud",+919848010662,2026-08-22T07:02:15.434Z
cmt416boh00ckv3cc88o1cyus,"Electrical Assistant Engineer - Bandari Venkatesh",+919848010647,2026-08-22T07:02:17.249Z
cmt416ade00c6v3ccodhmta6l,"Police Assistant Sub-Inspector - Chilukuri Balu",+919848010661,2026-08-22T07:02:15.554Z
cmt416brv00clv3cc3qwt67kv,"Electricity Line Inspector - Palle Srinivas",+919848010646,2026-08-22T07:02:17.372Z
cmt41685h00bjv3cc49hshyx2,"Senior Revenue Assistant - Dondapati Shankar",+919848010684,2026-08-22T07:02:12.678Z
cmt416agq00c7v3ccfsqxy9du,"Police Sub-Inspector - Gutta Rajesh",+919848010660,2026-08-22T07:02:15.674Z
cmt416ak400c8v3cc8u81i5zw,"Handloom Officers Association Director - Chintala Gopal",+919848010659,2026-08-22T07:02:15.796Z
cmt416anf00c9v3ccyo0ryjxe,"Irrigation Department Assistant - Gande Lingaiah",+919848010658,2026-08-22T07:02:15.915Z
cmt416aqr00cav3cccj0wq75g,"Village Revenue Assistant VRA - Nandikanti Chandraiah",+919848010657,2026-08-22T07:02:16.036Z
cmt416au500cbv3cc9f82z6rn,"Asha Health Worker Incharge - Gode Shankar",+919848010656,2026-08-22T07:02:16.157Z
cmt41688v00bkv3cc6inz77ul,"Revenue Inspector - Bakkathatla Anjaiah",+919848010683,2026-08-22T07:02:12.799Z
cmt416axj00ccv3ccy3ows205,"Primary Health Center Medical Officer - Dondapati Anjaiah",+919848010655,2026-08-22T07:02:16.279Z
cmt416b0w00cdv3cccbaky9sq,"Anganwadi Sector Supervisor - Bakkathatla Yadagiri",+919848010654,2026-08-22T07:02:16.400Z
cmt416b4b00cev3ccsspapn1k,"Public Works Department Officer - Boya Suresh",+919848010653,2026-08-22T07:02:16.524Z
cmt416cc000crv3ccw2mm6vgx,"Police Sub-Inspector - Guddati Shekhar",+919848010640,2026-08-22T07:02:18.096Z
cmt416cfe00csv3ccku7z5kio,"Handloom Officers Association Director - Poloju Prasad",+919848010639,2026-08-22T07:02:18.218Z
cmt416cir00ctv3cc61yd95gq,"Irrigation Department Assistant - Survi Kumar",+919848010638,2026-08-22T07:02:18.339Z
cmt416cm600cuv3ccx09vw8a2,"Village Revenue Assistant VRA - Katakam Gupta",+919848010637,2026-08-22T07:02:18.462Z
cmt416c5a00cpv3ccfa9pd1l3,"Police Head Constable - Taduri Chary",+919848010642,2026-08-22T07:02:17.854Z
cmt416csw00cwv3cc00nr453j,"Primary Health Center Medical Officer - Rikkala Reddy",+919848010635,2026-08-22T07:02:18.704Z
cmt416cpi00cvv3cc2iub1hzj,"Asha Health Worker Incharge - Nalla Rao",+919848010636,2026-08-22T07:02:18.582Z
cmt416cwb00cxv3ccfpamrx8t,"Anganwadi Sector Supervisor - Gangapuram Goud",+919848010634,2026-08-22T07:02:18.828Z
cmt416dtv00d7v3ccudwh5r52,"Senior Revenue Assistant - Boya Ramesh",+919848010624,2026-08-22T07:02:20.035Z
cmt416ehe00dev3ccc5jgicyl,"Village Revenue Assistant VRA - Palle Narsimha",+919848010617,2026-08-22T07:02:20.882Z
cmt416czr00cyv3ccdr1fbstl,"Public Works Department Officer - Koyyada Balu",+919848010633,2026-08-22T07:02:18.952Z
cmt416ekr00dfv3cck1xk8q2p,"Asha Health Worker Incharge - Bairikonda Mallaiah",+919848010616,2026-08-22T07:02:21.003Z
cmt416d3500czv3cchx1i6bg5,"Veterinary Hospital Assistant - Chilukuri Rajesh",+919848010632,2026-08-22T07:02:19.073Z
cmt416eo300dgv3cc4ktojgi6,"Primary Health Center Medical Officer - Pulugari Nayak",+919848010615,2026-08-22T07:02:21.124Z
cmt416eri00dhv3ccqtyw7p4e,"Anganwadi Sector Supervisor - Marri Chary",+919848010614,2026-08-22T07:02:21.246Z
cmt416d6f00d0v3ccylwp71q4,"Agriculture Extension Officer - Gutta Gopal",+919848010631,2026-08-22T07:02:19.192Z
cmt416dx400d8v3cc016yd361,"Revenue Inspector - Venreddy Mahendar",+919848010623,2026-08-22T07:02:20.152Z
cmt416d9r00d1v3cc92s7jk1d,"Cooperative Society Director - Chintala Lingaiah",+919848010630,2026-08-22T07:02:19.312Z
cmt416euz00div3cccqtfgef3,"Public Works Department Officer - Taduri Venu",+919848010613,2026-08-22T07:02:21.371Z
cmt416eyd00djv3cct37tclys,"Veterinary Hospital Assistant - Beerla Shekhar",+919848010612,2026-08-22T07:02:21.493Z
cmt416dd100d2v3cczmp205vo,"Gram Panchayat Ward Member - Gande Chandraiah",+919848010629,2026-08-22T07:02:19.430Z
cmt416e0g00d9v3cc5o4ad1gi,"Police Head Constable - Ubbu Ravinder",+919848010622,2026-08-22T07:02:20.272Z
cmt416dgf00d3v3ccfz3umpnv,"Panchayati Raj Field Officer - Nandikanti Shankar",+919848010628,2026-08-22T07:02:19.551Z
cmt416f1p00dkv3ccy386lola,"Agriculture Extension Officer - Guddati Prasad",+919848010611,2026-08-22T07:02:21.613Z
cmt416f5400dlv3ccwiwr7341,"Cooperative Society Director - Poloju Kumar",+919848010610,2026-08-22T07:02:21.736Z
cmt416c1w00cov3cc0mvsbu0f,"Revenue Inspector - Marri Nayak",+919848010643,2026-08-22T07:02:17.733Z
cmt416djt00d4v3ccxz92wgfo,"Electrical Assistant Engineer - Gode Anjaiah",+919848010627,2026-08-22T07:02:19.673Z
cmt416dn300d5v3ccf4c2w1h8,"Electricity Line Inspector - Dondapati Yadagiri",+919848010626,2026-08-22T07:02:19.791Z
cmt416dqh00d6v3ccfwopez1n,"Junior Revenue Assistant - Bakkathatla Suresh",+919848010625,2026-08-22T07:02:19.913Z
cmt416e3t00dav3ccinz9uboh,"Police Assistant Sub-Inspector - Komatireddy Satyanarayana",+919848010621,2026-08-22T07:02:20.393Z
cmt416e7900dbv3ccr48qfa6n,"Police Sub-Inspector - Vangala Bhikshapathi",+919848010620,2026-08-22T07:02:20.518Z
cmt416eao00dcv3cckc1mtep5,"Handloom Officers Association Director - Battu Venkatesh",+919848010619,2026-08-22T07:02:20.640Z
cmt416ee100ddv3cccr8cjxbl,"Irrigation Department Assistant - Bandari Srinivas",+919848010618,2026-08-22T07:02:20.762Z
cmt416f8h00dmv3ccuby6157u,"Gram Panchayat Ward Member - Survi Gupta",+919848010609,2026-08-22T07:02:21.858Z
cmt416fcj00dnv3ccniv7tldd,"Panchayati Raj Field Officer - Katakam Rao",+919848010608,2026-08-22T07:02:21.979Z
cmt416ffw00dov3cc99ckw0bj,"Electrical Assistant Engineer - Nalla Reddy",+919848010607,2026-08-22T07:02:22.124Z
cmt416fj600dpv3ccl16mod1z,"Electricity Line Inspector - Rikkala Goud",+919848010606,2026-08-22T07:02:22.243Z
cmt416bv700cmv3ccmnn8vzkd,"Junior Revenue Assistant - Bairikonda Narsimha",+919848010645,2026-08-22T07:02:17.492Z
cmt4156yg000mv3ccfqc7ush9,"Village Revenue Assistant VRA - Taduri Chandraiah",+919848011077,2026-08-22T07:01:24.473Z
cmt4158ax0010v3cc43fma5gs,"Revenue Inspector - Nandikanti Nayak",+919848011063,2026-08-22T07:01:26.217Z
cmt4158eb0011v3ccaatvkq73,"Police Head Constable - Gode Chary",+919848011062,2026-08-22T07:01:26.340Z
cmt4158hp0012v3ccxwqdvqhg,"Police Assistant Sub-Inspector - Dondapati Venu",+919848011061,2026-08-22T07:01:26.461Z
cmt4158l40013v3ccre7z5kcv,"Police Sub-Inspector - Bakkathatla Shekhar",+919848011060,2026-08-22T07:01:26.584Z
cmt4159lv001ev3ccwbh2dq2q,"Gram Panchayat Ward Member - Marri Chandraiah",+919848011049,2026-08-22T07:01:27.907Z
cmt415el4002tv3ccluz07fip,"Irrigation Department Assistant - Komatireddy Goud",+919848010998,2026-08-22T07:01:34.360Z
cmt416ggt00dzv3cc8sx3m5dm,"Asha Health Worker Incharge - Bakkathatla Ramesh",+919848010596,2026-08-22T07:02:23.453Z
cmt416gdg00dyv3ccv91syjkm,"Village Revenue Assistant VRA - Dondapati Suresh",+919848010597,2026-08-22T07:02:23.333Z
cmt416gk500e0v3ccp0dcwpxy,"Primary Health Center Medical Officer - Boya Mahendar",+919848010595,2026-08-22T07:02:23.573Z
cmt416gu800e3v3ccf19hjs5y,"Veterinary Hospital Assistant - Komatireddy Bhikshapathi",+919848010592,2026-08-22T07:02:23.936Z
cmt416gng00e1v3cclzq4wps1,"Anganwadi Sector Supervisor - Venreddy Ravinder",+919848010594,2026-08-22T07:02:23.693Z
cmt416gxj00e4v3cc03s1jzsg,"Agriculture Extension Officer - Vangala Venkatesh",+919848010591,2026-08-22T07:02:24.056Z
cmt416gqt00e2v3cc9rnyx8ut,"Public Works Department Officer - Ubbu Satyanarayana",+919848010593,2026-08-22T07:02:23.814Z
cmt416h0v00e5v3cckntyqckc,"Cooperative Society Director - Battu Srinivas",+919848010590,2026-08-22T07:02:24.175Z
cmt416h4c00e6v3cczsyz7xbi,"Gram Panchayat Ward Member - Bandari Narsimha",+919848010589,2026-08-22T07:02:24.300Z
cmt416hod00ecv3ccbimiyp40,"Revenue Inspector - Beerla Prasad",+919848010583,2026-08-22T07:02:25.021Z
cmt416h7m00e7v3ccolrapbvz,"Panchayati Raj Field Officer - Palle Mallaiah",+919848010588,2026-08-22T07:02:24.419Z
cmt4155170002v3ccvigez5er,"Village Revenue Assistant VRA - Koyyada Satyanarayana",+919848011097,2026-08-22T07:01:21.979Z
cmt416haz00e8v3cchkcsqo75,"Electrical Assistant Engineer - Bairikonda Nayak",+919848010587,2026-08-22T07:02:24.539Z
cmt416hec00e9v3ccn9mh1gl3,"Electricity Line Inspector - Pulugari Chary",+919848010586,2026-08-22T07:02:24.660Z
cmt416hhm00eav3cc4zib1y7h,"Junior Revenue Assistant - Marri Venu",+919848010585,2026-08-22T07:02:24.778Z
cmt415g320039v3ccjwgau25c,"Police Head Constable - Gangapuram Srinivas",+919848010982,2026-08-22T07:01:36.302Z
cmt416hl000ebv3ccbzszv8m6,"Senior Revenue Assistant - Taduri Shekhar",+919848010584,2026-08-22T07:02:24.900Z
cmt415js0004cv3ccaqnz1i4z,"Revenue Inspector - Boya Reddy",+919848010943,2026-08-22T07:01:41.088Z
cmt415nxt005kv3ccwrnd0lc7,"Handloom Officers Association Director - Survi Venkatesh",+919848010899,2026-08-22T07:01:46.481Z
cmt415o14005lv3cck90kpm1z,"Irrigation Department Assistant - Katakam Srinivas",+919848010898,2026-08-22T07:01:46.601Z
cmt415r7m006jv3cctge3wsfh,"Senior Revenue Assistant - Chilukuri Shekhar",+919848010864,2026-08-22T07:01:50.722Z
cmt415rzk006rv3cckpr5q18z,"Asha Health Worker Incharge - Boya Rajesh",+919848010856,2026-08-22T07:01:51.728Z
cmt416fmj00dqv3cc9o2s8kh6,"Junior Revenue Assistant - Gangapuram Balu",+919848010605,2026-08-22T07:02:22.364Z
cmt416fpu00drv3ccmcm8w0qu,"Senior Revenue Assistant - Koyyada Rajesh",+919848010604,2026-08-22T07:02:22.483Z
cmt416ft700dsv3ccl4uanxy5,"Revenue Inspector - Chilukuri Gopal",+919848010603,2026-08-22T07:02:22.604Z
cmt416fwn00dtv3ccqsn18g5s,"Police Head Constable - Gutta Lingaiah",+919848010602,2026-08-22T07:02:22.727Z
cmt416g0100duv3cc75l8btfi,"Police Assistant Sub-Inspector - Chintala Chandraiah",+919848010601,2026-08-22T07:02:22.849Z
cmt416g3e00dvv3cch930ysrl,"Police Sub-Inspector - Gande Shankar",+919848010600,2026-08-22T07:02:22.970Z
cmt416g6t00dwv3cccpb0h5x6,"Handloom Officers Association Director - Nandikanti Anjaiah",+919848010599,2026-08-22T07:02:23.094Z
cmt416ga600dxv3ccyu2qoq5t,"Irrigation Department Assistant - Gode Yadagiri",+919848010598,2026-08-22T07:02:23.215Z
cmt4160340095v3cccp3kvxzy,"Cooperative Society Director - Bakkathatla Lingaiah",+919848010770,2026-08-22T07:02:02.225Z
cmt41609v0097v3ccojwxa1vj,"Panchayati Raj Field Officer - Venreddy Shankar",+919848010768,2026-08-22T07:02:02.467Z
cmt4160gi0099v3ccs4gm68ks,"Electricity Line Inspector - Komatireddy Yadagiri",+919848010766,2026-08-22T07:02:02.706Z
cmt4160n6009bv3cc67cradfi,"Senior Revenue Assistant - Battu Ramesh",+919848010764,2026-08-22T07:02:02.946Z
cmt4160tw009dv3cckkjhari7,"Police Head Constable - Palle Ravinder",+919848010762,2026-08-22T07:02:03.188Z
cmt4160x8009ev3ccsb89fdz1,"Police Assistant Sub-Inspector - Bairikonda Satyanarayana",+919848010761,2026-08-22T07:02:03.309Z
cmt41613w009gv3ccjljypagp,"Handloom Officers Association Director - Marri Venkatesh",+919848010759,2026-08-22T07:02:03.548Z
cmt416179009hv3cceztp6sok,"Irrigation Department Assistant - Taduri Srinivas",+919848010758,2026-08-22T07:02:03.669Z
cmt4161dv009jv3cctpsn98pw,"Asha Health Worker Incharge - Guddati Mallaiah",+919848010756,2026-08-22T07:02:03.908Z
cmt4161hb009kv3ccv3hwvn0m,"Primary Health Center Medical Officer - Poloju Nayak",+919848010755,2026-08-22T07:02:04.031Z
cmt4161ko009lv3cc1cz924cm,"Anganwadi Sector Supervisor - Survi Chary",+919848010754,2026-08-22T07:02:04.152Z
cmt4161o2009mv3ccbpccfeyx,"Public Works Department Officer - Katakam Venu",+919848010753,2026-08-22T07:02:04.274Z
cmt4161rg009nv3ccbgu3yv5u,"Veterinary Hospital Assistant - Nalla Shekhar",+919848010752,2026-08-22T07:02:04.396Z
cmt4161ut009ov3ccim1kh5de,"Agriculture Extension Officer - Rikkala Prasad",+919848010751,2026-08-22T07:02:04.517Z
cmt41621i009qv3cc1yb6e9q4,"Gram Panchayat Ward Member - Koyyada Gupta",+919848010749,2026-08-22T07:02:04.758Z
cmt416285009sv3ccvzdm0gn6,"Electrical Assistant Engineer - Gutta Reddy",+919848010747,2026-08-22T07:02:04.998Z
cmt4162ew009uv3ccn5swnlql,"Junior Revenue Assistant - Gande Balu",+919848010745,2026-08-22T07:02:05.241Z
cmt4162il009vv3ccqpswrdgy,"Senior Revenue Assistant - Nandikanti Rajesh",+919848010744,2026-08-22T07:02:05.373Z
cmt4162pn009xv3ccu7niff3s,"Police Head Constable - Dondapati Lingaiah",+919848010742,2026-08-22T07:02:05.627Z
cmt4162t1009yv3cc60oxccvi,"Police Assistant Sub-Inspector - Bakkathatla Chandraiah",+919848010741,2026-08-22T07:02:05.749Z
cmt41636f00a2v3ccjvzgbnlv,"Village Revenue Assistant VRA - Komatireddy Suresh",+919848010737,2026-08-22T07:02:06.231Z
cmt41639r00a3v3cccy2kgtds,"Asha Health Worker Incharge - Vangala Ramesh",+919848010736,2026-08-22T07:02:06.351Z
cmt4163d500a4v3ccn06ub4ff,"Primary Health Center Medical Officer - Battu Mahendar",+919848010735,2026-08-22T07:02:06.473Z
cmt4163n500a7v3cc6geqpqtd,"Veterinary Hospital Assistant - Bairikonda Bhikshapathi",+919848010732,2026-08-22T07:02:06.833Z
cmt4163r700a8v3ccncbaghrp,"Agriculture Extension Officer - Pulugari Venkatesh",+919848010731,2026-08-22T07:02:06.955Z
cmt4163uj00a9v3ccs0tm4g6t,"Cooperative Society Director - Marri Srinivas",+919848010730,2026-08-22T07:02:07.100Z
cmt4163xw00aav3cc1uno24b0,"Gram Panchayat Ward Member - Taduri Narsimha",+919848010729,2026-08-22T07:02:07.221Z
cmt41641a00abv3ccg0oo6stz,"Panchayati Raj Field Officer - Beerla Mallaiah",+919848010728,2026-08-22T07:02:07.342Z
cmt41644o00acv3cc2es82jg6,"Electrical Assistant Engineer - Guddati Nayak",+919848010727,2026-08-22T07:02:07.464Z
cmt41647w00adv3cciuelg75b,"Electricity Line Inspector - Poloju Chary",+919848010726,2026-08-22T07:02:07.581Z
cmt4164lc00ahv3cc731wuccr,"Police Head Constable - Rikkala Kumar",+919848010722,2026-08-22T07:02:08.064Z
cmt4164s100ajv3ccgu0qszt9,"Police Sub-Inspector - Koyyada Rao",+919848010720,2026-08-22T07:02:08.305Z
cmt41652400amv3ccc1almdoe,"Village Revenue Assistant VRA - Chintala Balu",+919848010717,2026-08-22T07:02:08.668Z
cmt4167vf00bgv3cc3fwslt6w,"Electrical Assistant Engineer - Gande Gopal",+919848010687,2026-08-22T07:02:12.315Z
cmt4168fl00bmv3ccamqw1i2o,"Police Assistant Sub-Inspector - Venreddy Suresh",+919848010681,2026-08-22T07:02:13.042Z
cmt415668000ev3cc0ncs6c97,"Junior Revenue Assistant - Komatireddy Gupta",+919848011085,2026-08-22T07:01:23.457Z
cmt415zb8008xv3cctqnb1hqc,"Irrigation Department Assistant - Koyyada Kumar",+919848010778,2026-08-22T07:02:01.221Z
cmt417uz200bcv330h2yf6i5h,"Police Assistant Sub-Inspector - Poloju Gupta",+919848010581,2026-08-22T07:03:26.243Z
cmt417vjp00bgv330bmve8hln,"Police Sub-Inspector - Survi Rao",+919848010580,2026-08-22T07:03:26.243Z
cmt417vxu00bkv330e5lgskmn,"Handloom Officers Association Director - Katakam Reddy",+919848010579,2026-08-22T07:03:26.243Z
cmt417wbp00bov33092mkai4e,"Irrigation Department Assistant - Nalla Goud",+919848010578,2026-08-22T07:03:26.243Z
cmt417u6y00b4v330nenedm3h,"Village Revenue Assistant VRA - Rikkala Balu",+919848010577,2026-08-22T07:03:26.243Z
cmt417uai00b5v33024zetohq,"Asha Health Worker Incharge - Gangapuram Rajesh",+919848010576,2026-08-22T07:03:26.243Z
cmt417uho00b7v3300jqxjmjm,"Primary Health Center Medical Officer - Koyyada Gopal",+919848010575,2026-08-22T07:03:26.243Z
cmt417us500bav330uqlk5z2t,"Anganwadi Sector Supervisor - Chilukuri Lingaiah",+919848010574,2026-08-22T07:03:26.243Z
cmt417uvo00bbv330df1i2on2,"Public Works Department Officer - Gutta Chandraiah",+919848010573,2026-08-22T07:03:26.243Z
cmt417vcm00bev330xurja79l,"Veterinary Hospital Assistant - Chintala Shankar",+919848010572,2026-08-22T07:03:26.243Z
cmt417vg500bfv330v1d0x297,"Agriculture Extension Officer - Gande Anjaiah",+919848010571,2026-08-22T07:03:26.243Z
cmt417vqr00biv3305lgh814m,"Cooperative Society Director - Nandikanti Yadagiri",+919848010570,2026-08-22T07:03:26.243Z
cmt417vub00bjv330s4rxt7v6,"Gram Panchayat Ward Member - Gode Suresh",+919848010569,2026-08-22T07:03:26.243Z
cmt417w8900bnv330tffq9jyy,"Panchayati Raj Field Officer - Dondapati Ramesh",+919848010568,2026-08-22T07:03:26.243Z
cmt417wm900brv3305gqkbb8h,"Electrical Assistant Engineer - Bakkathatla Mahendar",+919848010567,2026-08-22T07:03:26.244Z
cmt417x0c00bvv330ij9ws5x4,"Electricity Line Inspector - Boya Ravinder",+919848010566,2026-08-22T07:03:26.244Z
cmt417xi400c0v3304k7e0clg,"Junior Revenue Assistant - Venreddy Satyanarayana",+919848010565,2026-08-22T07:03:26.244Z
cmt417xw500c4v330w56mf0vk,"Senior Revenue Assistant - Ubbu Bhikshapathi",+919848010564,2026-08-22T07:03:26.244Z
cmt417ya900c8v330a0cmj7v3,"Revenue Inspector - Komatireddy Venkatesh",+919848010563,2026-08-22T07:03:26.244Z
cmt417w1c00blv3305zzke7ra,"Handloom Officers Association Director - Palle Nayak",+919848010559,2026-08-22T07:03:26.243Z
cmt417w4q00bmv330koqjix8q,"Irrigation Department Assistant - Bairikonda Chary",+919848010558,2026-08-22T07:03:26.243Z
cmt417wf900bpv330hxk3ej90,"Village Revenue Assistant VRA - Pulugari Venu",+919848010557,2026-08-22T07:03:26.243Z
cmt417wir00bqv330jhldjwgx,"Asha Health Worker Incharge - Marri Shekhar",+919848010556,2026-08-22T07:03:26.243Z
cmt417wws00buv330plyyduiy,"Primary Health Center Medical Officer - Taduri Prasad",+919848010555,2026-08-22T07:03:26.244Z
cmt417x7f00bxv330jv6dd3kb,"Anganwadi Sector Supervisor - Beerla Kumar",+919848010554,2026-08-22T07:03:26.244Z
cmt417xlm00c1v330bl76rkx6,"Public Works Department Officer - Guddati Gupta",+919848010553,2026-08-22T07:03:26.244Z
cmt417xzr00c5v330jsae7sk3,"Veterinary Hospital Assistant - Poloju Rao",+919848010552,2026-08-22T07:03:26.244Z
cmt417wps00bsv3302w5k9iim,"Panchayati Raj Field Officer - Rikkala Rajesh",+919848010548,2026-08-22T07:03:26.244Z
cmt417wtc00btv330f0l7g514,"Electrical Assistant Engineer - Gangapuram Gopal",+919848010547,2026-08-22T07:03:26.244Z
cmt417x3v00bwv330lh1k2nvg,"Electricity Line Inspector - Koyyada Lingaiah",+919848010546,2026-08-22T07:03:26.244Z
cmt417xay00byv330phyokcdc,"Junior Revenue Assistant - Chilukuri Chandraiah",+919848010545,2026-08-22T07:03:26.244Z
cmt417xei00bzv330g90ah5fn,"Senior Revenue Assistant - Gutta Shankar",+919848010544,2026-08-22T07:03:26.244Z
cmt417xp200c2v330afoekxaw,"Revenue Inspector - Chintala Anjaiah",+919848010543,2026-08-22T07:03:26.244Z
cmt417xsm00c3v330n1bm50cu,"Police Head Constable - Gande Yadagiri",+919848010542,2026-08-22T07:03:26.244Z
cmt417y3900c6v330g9qe1c2x,"Police Assistant Sub-Inspector - Nandikanti Suresh",+919848010541,2026-08-22T07:03:26.244Z
cmt417y6q00c7v3300m6xh0dl,"Police Sub-Inspector - Gode Ramesh",+919848010540,2026-08-22T07:03:26.244Z
cmt418a7400fjv330z6h1izgq,"Police Sub-Inspector - Beerla Rajesh",+919848010380,2026-08-22T07:03:46.381Z
cmt417ul400b8v3302wjdql2u,"Police Head Constable - Guddati Kumar",+919848010582,2026-08-22T07:03:26.243Z
cmt415gd9003cv3ccw03xb30h,"Handloom Officers Association Director - Gutta Nayak",+919848010979,2026-08-22T07:01:36.670Z
cmt415kfh004jv3ccwlcv935w,"Asha Health Worker Incharge - Palle Shankar",+919848010936,2026-08-22T07:01:41.934Z
cmt415xc7008cv3ccdxkn9icx,"Handloom Officers Association Director - Bakkathatla Gopal",+919848010799,2026-08-22T07:01:58.663Z
cmt415ynr008qv3ccdbogdjiz,"Junior Revenue Assistant - Guddati Narsimha",+919848010785,2026-08-22T07:02:00.375Z
cmt417zp800cmv330udbbh8ey,"Police Sub-Inspector - Bandari Mallaiah",+919848010560,2026-08-22T07:03:26.244Z
cmt417ydr00c9v330epo3wgt1,"Agriculture Extension Officer - Survi Reddy",+919848010551,2026-08-22T07:03:26.244Z
cmt417z6900chv330h8ge3b89,"Cooperative Society Director - Katakam Goud",+919848010550,2026-08-22T07:03:26.244Z
cmt417zw900cov330lbnmwq6z,"Gram Panchayat Ward Member - Nalla Balu",+919848010549,2026-08-22T07:03:26.244Z
cmt417yry00cdv330n3g8nwl7,"Irrigation Department Assistant - Bakkathatla Ravinder",+919848010538,2026-08-22T07:03:26.244Z
cmt417z9t00civ3303jcej3xc,"Village Revenue Assistant VRA - Boya Satyanarayana",+919848010537,2026-08-22T07:03:26.244Z
cmt417zsr00cnv3308np4n444,"Asha Health Worker Incharge - Venreddy Bhikshapathi",+919848010536,2026-08-22T07:03:26.244Z
cmt4180gn00csv330wc60aybl,"Primary Health Center Medical Officer - Ubbu Venkatesh",+919848010535,2026-08-22T07:03:26.245Z
cmt417yku00cbv330orhe8mkl,"Panchayati Raj Field Officer - Pulugari Shekhar",+919848010528,2026-08-22T07:03:26.244Z
cmt417yvm00cev330ftnzviqg,"Electrical Assistant Engineer - Marri Prasad",+919848010527,2026-08-22T07:03:26.244Z
cmt417yz600cfv330vlux1ed6,"Electricity Line Inspector - Taduri Kumar",+919848010526,2026-08-22T07:03:26.244Z
cmt417z2r00cgv330669z58b7,"Junior Revenue Assistant - Beerla Gupta",+919848010525,2026-08-22T07:03:26.244Z
cmt417zi100ckv330i6p51bfz,"Senior Revenue Assistant - Guddati Rao",+919848010524,2026-08-22T07:03:26.244Z
cmt417zlo00clv330z8olhkvl,"Revenue Inspector - Poloju Reddy",+919848010523,2026-08-22T07:03:26.244Z
cmt41806200cpv330dartr3su,"Police Head Constable - Survi Goud",+919848010522,2026-08-22T07:03:26.244Z
cmt41809n00cqv330ui67hoa2,"Police Assistant Sub-Inspector - Katakam Balu",+919848010521,2026-08-22T07:03:26.244Z
cmt4180d400crv330e7ruvzx9,"Police Sub-Inspector - Nalla Rajesh",+919848010520,2026-08-22T07:03:26.244Z
cmt4180ku00ctv330en85n6fz,"Handloom Officers Association Director - Rikkala Gopal",+919848010519,2026-08-22T07:03:26.245Z
cmt4180oz00cuv330ph8imrgm,"Irrigation Department Assistant - Marri Kumar",+919848010498,2026-08-22T07:03:36.323Z
cmt4180vz00cwv330wvkto4wq,"Village Revenue Assistant VRA - Taduri Gupta",+919848010497,2026-08-22T07:03:36.323Z
cmt4180sh00cvv330b2ap1442,"Asha Health Worker Incharge - Beerla Rao",+919848010496,2026-08-22T07:03:36.323Z
cmt4180zf00cxv330expxbuc7,"Primary Health Center Medical Officer - Guddati Reddy",+919848010495,2026-08-22T07:03:36.323Z
cmt41813000cyv330o5nrb4jp,"Anganwadi Sector Supervisor - Poloju Goud",+919848010494,2026-08-22T07:03:36.323Z
cmt41816k00czv33009x0yax2,"Public Works Department Officer - Survi Balu",+919848010493,2026-08-22T07:03:36.323Z
cmt4181a500d0v330mb5rrq7e,"Veterinary Hospital Assistant - Katakam Rajesh",+919848010492,2026-08-22T07:03:36.323Z
cmt4181vc00d6v33042tzrtvd,"Agriculture Extension Officer - Nalla Gopal",+919848010491,2026-08-22T07:03:36.323Z
cmt4181do00d1v3305m3033rw,"Cooperative Society Director - Rikkala Lingaiah",+919848010490,2026-08-22T07:03:36.323Z
cmt4181ht00d2v330sr18uj5g,"Gram Panchayat Ward Member - Gangapuram Chandraiah",+919848010489,2026-08-22T07:03:36.323Z
cmt4181lc00d3v330fiob9cw6,"Panchayati Raj Field Officer - Koyyada Shankar",+919848010488,2026-08-22T07:03:36.323Z
cmt4181ov00d4v330lufe0rv3,"Electrical Assistant Engineer - Chilukuri Anjaiah",+919848010487,2026-08-22T07:03:36.323Z
cmt4181s200d5v3301zqvlbyx,"Electricity Line Inspector - Gutta Yadagiri",+919848010486,2026-08-22T07:03:36.323Z
cmt4181yo00d7v330ocshz7nw,"Junior Revenue Assistant - Chintala Suresh",+919848010485,2026-08-22T07:03:36.323Z
cmt4182bw00dbv330e1q3hin5,"Senior Revenue Assistant - Gande Ramesh",+919848010484,2026-08-22T07:03:36.324Z
cmt41822000d8v3309lgnhj2j,"Revenue Inspector - Nandikanti Mahendar",+919848010483,2026-08-22T07:03:36.323Z
cmt41825b00d9v330cjqpo7qb,"Police Head Constable - Gode Ravinder",+919848010482,2026-08-22T07:03:36.323Z
cmt4182f900dcv33033zm6xwv,"Police Assistant Sub-Inspector - Dondapati Satyanarayana",+919848010481,2026-08-22T07:03:36.324Z
cmt41828l00dav330f6d6zn60,"Police Sub-Inspector - Bakkathatla Bhikshapathi",+919848010480,2026-08-22T07:03:36.324Z
cmt417ze800cjv33009rxyprz,"Police Assistant Sub-Inspector - Battu Narsimha",+919848010561,2026-08-22T07:03:26.244Z
cmt4182pr00dfv3306k0crgan,"Asha Health Worker Incharge - Komatireddy Mallaiah",+919848010476,2026-08-22T07:03:36.324Z
cmt4182tc00dgv330tw1lwm6f,"Primary Health Center Medical Officer - Vangala Nayak",+919848010475,2026-08-22T07:03:36.324Z
cmt4183eo00dmv3304enaw4vs,"Anganwadi Sector Supervisor - Battu Chary",+919848010474,2026-08-22T07:03:36.324Z
cmt41830c00div3309mrcgbdr,"Public Works Department Officer - Bandari Venu",+919848010473,2026-08-22T07:03:36.324Z
cmt4183b300dlv3306j97lek2,"Veterinary Hospital Assistant - Palle Shekhar",+919848010472,2026-08-22T07:03:36.324Z
cmt41833z00djv330ia2vhcx5,"Agriculture Extension Officer - Bairikonda Prasad",+919848010471,2026-08-22T07:03:36.324Z
cmt41837i00dkv330949ys7z3,"Cooperative Society Director - Pulugari Kumar",+919848010470,2026-08-22T07:03:36.324Z
cmt4183ia00dnv3307tvxjho3,"Gram Panchayat Ward Member - Marri Gupta",+919848010469,2026-08-22T07:03:36.324Z
cmt41846z00duv330oqiup2j4,"Panchayati Raj Field Officer - Taduri Rao",+919848010468,2026-08-22T07:03:36.324Z
cmt4183lp00dov330n0oz62cz,"Electrical Assistant Engineer - Beerla Reddy",+919848010467,2026-08-22T07:03:36.324Z
cmt4183ss00dqv330ujwldm3e,"Electricity Line Inspector - Guddati Goud",+919848010466,2026-08-22T07:03:36.324Z
cmt4183p900dpv330ql11ycjf,"Junior Revenue Assistant - Poloju Balu",+919848010465,2026-08-22T07:03:36.324Z
cmt4183wc00drv330tgllffu2,"Senior Revenue Assistant - Survi Rajesh",+919848010464,2026-08-22T07:03:36.324Z
cmt4183zx00dsv330j1r45anp,"Revenue Inspector - Katakam Gopal",+919848010463,2026-08-22T07:03:36.324Z
cmt4184le00dyv330mv0066e0,"Police Head Constable - Nalla Lingaiah",+919848010462,2026-08-22T07:03:36.324Z
cmt41852g00e3v330dcuf3jgr,"Police Assistant Sub-Inspector - Rikkala Chandraiah",+919848010461,2026-08-22T07:03:36.324Z
cmt41843g00dtv330gd0csuio,"Police Sub-Inspector - Gangapuram Shankar",+919848010460,2026-08-22T07:03:36.324Z
cmt4184e600dwv330f8ca9uh9,"Handloom Officers Association Director - Koyyada Anjaiah",+919848010459,2026-08-22T07:03:36.324Z
cmt4184ai00dvv3307uanf6dt,"Irrigation Department Assistant - Chilukuri Yadagiri",+919848010458,2026-08-22T07:03:36.324Z
cmt4184hw00dxv330vtbzjh7y,"Village Revenue Assistant VRA - Gutta Suresh",+919848010457,2026-08-22T07:03:36.324Z
cmt4184s400e0v33058j9ergm,"Asha Health Worker Incharge - Chintala Ramesh",+919848010456,2026-08-22T07:03:36.324Z
cmt4184ow00dzv330n3vqygub,"Primary Health Center Medical Officer - Gande Mahendar",+919848010455,2026-08-22T07:03:36.324Z
cmt4185go00e7v330u8s0ux08,"Anganwadi Sector Supervisor - Nandikanti Ravinder",+919848010454,2026-08-22T07:03:36.324Z
cmt4184vc00e1v3306czwi1k8,"Veterinary Hospital Assistant - Dondapati Bhikshapathi",+919848010452,2026-08-22T07:03:36.324Z
cmt4184yx00e2v330chhulf2k,"Agriculture Extension Officer - Bakkathatla Venkatesh",+919848010451,2026-08-22T07:03:36.324Z
cmt41859j00e5v3308pxagd86,"Cooperative Society Director - Boya Srinivas",+919848010450,2026-08-22T07:03:36.324Z
cmt41856000e4v330m3yexepe,"Gram Panchayat Ward Member - Venreddy Narsimha",+919848010449,2026-08-22T07:03:36.324Z
cmt4185d400e6v330wwu5mhbi,"Panchayati Raj Field Officer - Ubbu Mallaiah",+919848010448,2026-08-22T07:03:36.324Z
cmt4185nt00e9v330p4yngosg,"Electrical Assistant Engineer - Komatireddy Nayak",+919848010447,2026-08-22T07:03:36.324Z
cmt4185k900e8v330wblxkcb5,"Electricity Line Inspector - Vangala Chary",+919848010446,2026-08-22T07:03:36.324Z
cmt4185rd00eav330pu61q78e,"Junior Revenue Assistant - Battu Venu",+919848010445,2026-08-22T07:03:36.324Z
cmt4185uv00ebv330w1opskk4,"Senior Revenue Assistant - Bandari Shekhar",+919848010444,2026-08-22T07:03:36.324Z
cmt41869000efv330jm3edaol,"Revenue Inspector - Palle Prasad",+919848010443,2026-08-22T07:03:36.324Z
cmt4185yf00ecv330hhdvyn8z,"Police Head Constable - Bairikonda Kumar",+919848010442,2026-08-22T07:03:36.324Z
cmt41861y00edv3301fw7tk8h,"Police Assistant Sub-Inspector - Pulugari Gupta",+919848010441,2026-08-22T07:03:36.324Z
cmt41865h00eev33024i23j6y,"Police Sub-Inspector - Marri Rao",+919848010440,2026-08-22T07:03:36.324Z
cmt418hz800hqv3304m2ntx8s,"Revenue Inspector - Gutta Venkatesh",+919848010283,2026-08-22T07:03:56.539Z
cmt4182m800dev3309bot1nij,"Village Revenue Assistant VRA - Ubbu Narsimha",+919848010477,2026-08-22T07:03:36.324Z
cmt4186jp00eiv330447b6ge6,"Handloom Officers Association Director - Taduri Reddy",+919848010439,2026-08-22T07:03:36.324Z
cmt41874x00eov330gbx1c1tv,"Irrigation Department Assistant - Beerla Goud",+919848010438,2026-08-22T07:03:36.324Z
cmt4186g400ehv330fc4rxgyy,"Village Revenue Assistant VRA - Guddati Balu",+919848010437,2026-08-22T07:03:36.324Z
cmt4186qq00ekv330qc2ezqtt,"Asha Health Worker Incharge - Poloju Rajesh",+919848010436,2026-08-22T07:03:36.324Z
cmt4186n800ejv3303l19yqs4,"Primary Health Center Medical Officer - Survi Gopal",+919848010435,2026-08-22T07:03:36.324Z
cmt4186xv00emv330nu82vip2,"Anganwadi Sector Supervisor - Katakam Lingaiah",+919848010434,2026-08-22T07:03:36.324Z
cmt4186u900elv330dom8asyy,"Public Works Department Officer - Nalla Chandraiah",+919848010433,2026-08-22T07:03:36.324Z
cmt41871e00env330ygaff1q5,"Veterinary Hospital Assistant - Rikkala Shankar",+919848010432,2026-08-22T07:03:36.324Z
cmt4187g500erv330p4pfnjv2,"Agriculture Extension Officer - Gangapuram Anjaiah",+919848010431,2026-08-22T07:03:36.324Z
cmt4187qr00euv330clh7qk1r,"Cooperative Society Director - Koyyada Yadagiri",+919848010430,2026-08-22T07:03:36.325Z
cmt41878j00epv330tdgrugiu,"Gram Panchayat Ward Member - Chilukuri Suresh",+919848010429,2026-08-22T07:03:36.324Z
cmt4187ua00evv330qcnqi1zx,"Panchayati Raj Field Officer - Gutta Ramesh",+919848010428,2026-08-22T07:03:36.325Z
cmt4187cg00eqv330h8cj865s,"Electrical Assistant Engineer - Chintala Mahendar",+919848010427,2026-08-22T07:03:36.324Z
cmt4187n700etv3307pqzqjmt,"Electricity Line Inspector - Gande Ravinder",+919848010426,2026-08-22T07:03:36.324Z
cmt4187jo00esv3304u8kzzfn,"Junior Revenue Assistant - Nandikanti Satyanarayana",+919848010425,2026-08-22T07:03:36.324Z
cmt41884x00eyv330jq4w5nlw,"Revenue Inspector - Dondapati Venkatesh",+919848010423,2026-08-22T07:03:36.325Z
cmt4188c100f0v330hot8ufou,"Police Head Constable - Bakkathatla Srinivas",+919848010422,2026-08-22T07:03:36.325Z
cmt4187xu00ewv330jm5untmv,"Police Sub-Inspector - Venreddy Mallaiah",+919848010420,2026-08-22T07:03:36.325Z
cmt41888h00ezv330l9h6stch,"Handloom Officers Association Director - Ubbu Nayak",+919848010419,2026-08-22T07:03:36.325Z
cmt4188gc00f1v330zsv0kgg3,"Handloom Officers Association Director - Gutta Mahendar",+919848010399,2026-08-22T07:03:46.380Z
cmt4188nd00f3v330u2ldrhyr,"Public Works Department Officer - Bakkathatla Narsimha",+919848010393,2026-08-22T07:03:46.380Z
cmt4188xj00f6v330z7b8trh4,"Veterinary Hospital Assistant - Boya Mallaiah",+919848010392,2026-08-22T07:03:46.380Z
cmt4189b900fav3304y0634q0,"Agriculture Extension Officer - Venreddy Nayak",+919848010391,2026-08-22T07:03:46.380Z
cmt418a3k00fiv330ywc9wguo,"Cooperative Society Director - Ubbu Chary",+919848010390,2026-08-22T07:03:46.381Z
cmt4188jv00f2v330868tjf4w,"Gram Panchayat Ward Member - Komatireddy Venu",+919848010389,2026-08-22T07:03:46.380Z
cmt4188qr00f4v330x938j1p6,"Panchayati Raj Field Officer - Vangala Shekhar",+919848010388,2026-08-22T07:03:46.380Z
cmt41897y00f9v330y5ra793d,"Electrical Assistant Engineer - Battu Prasad",+919848010387,2026-08-22T07:03:46.380Z
cmt4189sx00ffv330alzwbzls,"Electricity Line Inspector - Bandari Kumar",+919848010386,2026-08-22T07:03:46.381Z
cmt4188u300f5v33018hgj0md,"Junior Revenue Assistant - Palle Gupta",+919848010385,2026-08-22T07:03:46.380Z
cmt41891200f7v330mp0newgz,"Senior Revenue Assistant - Bairikonda Rao",+919848010384,2026-08-22T07:03:46.380Z
cmt41894l00f8v330bufhmo57,"Revenue Inspector - Pulugari Reddy",+919848010383,2026-08-22T07:03:46.380Z
cmt4189er00fbv330m5ubv9mo,"Police Head Constable - Marri Goud",+919848010382,2026-08-22T07:03:46.381Z
cmt4189ls00fdv330uajroc55,"Police Assistant Sub-Inspector - Taduri Balu",+919848010381,2026-08-22T07:03:46.381Z
cmt4189ib00fcv330n9clqubh,"Irrigation Department Assistant - Poloju Lingaiah",+919848010378,2026-08-22T07:03:46.381Z
cmt4189pd00fev3301mfb8v0p,"Village Revenue Assistant VRA - Survi Chandraiah",+919848010377,2026-08-22T07:03:46.381Z
cmt4189wg00fgv330x4brxudg,"Asha Health Worker Incharge - Katakam Shankar",+919848010376,2026-08-22T07:03:46.381Z
cmt4186ck00egv3305v1g9ojp,"Public Works Department Officer - Gode Satyanarayana",+919848010453,2026-08-22T07:03:36.324Z
cmt418e1k00gmv330vce086al,"Anganwadi Sector Supervisor - Dondapati Srinivas",+919848010394,2026-08-22T07:03:46.382Z
cmt418ahc00fmv330hc02le8m,"Handloom Officers Association Director - Guddati Gopal",+919848010379,2026-08-22T07:03:46.381Z
cmt418aar00fkv3302mhkr5s0,"Anganwadi Sector Supervisor - Rikkala Yadagiri",+919848010374,2026-08-22T07:03:46.381Z
cmt418b2800fsv3309bqhoy5a,"Public Works Department Officer - Gangapuram Suresh",+919848010373,2026-08-22T07:03:46.381Z
cmt418bum00g0v330efahva9y,"Veterinary Hospital Assistant - Koyyada Ramesh",+919848010372,2026-08-22T07:03:46.381Z
cmt418ae100flv33062uhlz84,"Agriculture Extension Officer - Chilukuri Mahendar",+919848010371,2026-08-22T07:03:46.381Z
cmt418aku00fnv330sc6bpoko,"Cooperative Society Director - Gutta Ravinder",+919848010370,2026-08-22T07:03:46.381Z
cmt418ao800fov330h5kk7aqm,"Gram Panchayat Ward Member - Chintala Satyanarayana",+919848010369,2026-08-22T07:03:46.381Z
cmt418b9b00fuv3305o38cd1a,"Panchayati Raj Field Officer - Gande Bhikshapathi",+919848010368,2026-08-22T07:03:46.381Z
cmt418bng00fyv330fibvctf0,"Electrical Assistant Engineer - Nandikanti Venkatesh",+919848010367,2026-08-22T07:03:46.381Z
cmt418ayq00frv330dmpllude,"Electricity Line Inspector - Gode Srinivas",+919848010366,2026-08-22T07:03:46.381Z
cmt418bcv00fvv330gt17181s,"Junior Revenue Assistant - Dondapati Narsimha",+919848010365,2026-08-22T07:03:46.381Z
cmt418arq00fpv3307o5otbbw,"Senior Revenue Assistant - Bakkathatla Mallaiah",+919848010364,2026-08-22T07:03:46.381Z
cmt418av700fqv330x4nqaci2,"Revenue Inspector - Boya Nayak",+919848010363,2026-08-22T07:03:46.381Z
cmt418b5s00ftv330auzsdih3,"Police Head Constable - Venreddy Chary",+919848010362,2026-08-22T07:03:46.381Z
cmt418bjw00fxv330fj715kzv,"Police Assistant Sub-Inspector - Ubbu Venu",+919848010361,2026-08-22T07:03:46.381Z
cmt418bge00fwv33085zq5jgu,"Police Sub-Inspector - Komatireddy Shekhar",+919848010360,2026-08-22T07:03:46.381Z
cmt418br100fzv330wq3afdip,"Handloom Officers Association Director - Vangala Prasad",+919848010359,2026-08-22T07:03:46.381Z
cmt418c1o00g2v33086czcu15,"Irrigation Department Assistant - Battu Kumar",+919848010358,2026-08-22T07:03:46.381Z
cmt418cd300g5v330hmvdr9ld,"Village Revenue Assistant VRA - Bandari Gupta",+919848010357,2026-08-22T07:03:46.381Z
cmt418by500g1v3306mbkhg51,"Asha Health Worker Incharge - Palle Rao",+919848010356,2026-08-22T07:03:46.381Z
cmt418ck500g7v3303587rj3p,"Primary Health Center Medical Officer - Bairikonda Reddy",+919848010355,2026-08-22T07:03:46.381Z
cmt418d5e00gdv33000drpdq1,"Anganwadi Sector Supervisor - Pulugari Goud",+919848010354,2026-08-22T07:03:46.381Z
cmt418c5900g3v330ejrmlsx9,"Public Works Department Officer - Marri Balu",+919848010353,2026-08-22T07:03:46.381Z
cmt418c9j00g4v330532prb40,"Veterinary Hospital Assistant - Taduri Rajesh",+919848010352,2026-08-22T07:03:46.381Z
cmt418cgm00g6v3301zxd2msi,"Agriculture Extension Officer - Beerla Gopal",+919848010351,2026-08-22T07:03:46.381Z
cmt418d1v00gcv330bz2ub4yd,"Cooperative Society Director - Guddati Lingaiah",+919848010350,2026-08-22T07:03:46.381Z
cmt418cnr00g8v330ghaygdwv,"Gram Panchayat Ward Member - Poloju Chandraiah",+919848010349,2026-08-22T07:03:46.381Z
cmt418cra00g9v330w3f354v6,"Panchayati Raj Field Officer - Survi Shankar",+919848010348,2026-08-22T07:03:46.381Z
cmt418cuu00gav330wn8nqrrz,"Electrical Assistant Engineer - Katakam Anjaiah",+919848010347,2026-08-22T07:03:46.381Z
cmt418cyb00gbv330lrutbkpb,"Electricity Line Inspector - Nalla Yadagiri",+919848010346,2026-08-22T07:03:46.381Z
cmt418d8y00gev330l1mr92lj,"Senior Revenue Assistant - Gangapuram Ramesh",+919848010344,2026-08-22T07:03:46.381Z
cmt418dch00gfv330ajb1d4bp,"Revenue Inspector - Koyyada Mahendar",+919848010343,2026-08-22T07:03:46.381Z
cmt418dn300giv330qa9f9tvz,"Police Head Constable - Chilukuri Ravinder",+919848010342,2026-08-22T07:03:46.382Z
cmt418dg100ggv3300ch8mrge,"Police Assistant Sub-Inspector - Gutta Satyanarayana",+919848010341,2026-08-22T07:03:46.382Z
cmt418djl00ghv330r9128nou,"Police Sub-Inspector - Chintala Bhikshapathi",+919848010340,2026-08-22T07:03:46.382Z
cmt418duh00gkv3305pm6e7fn,"Asha Health Worker Incharge - Nandikanti Bhikshapathi",+919848010396,2026-08-22T07:03:46.382Z
cmt418ebx00gpv330r046w2hq,"Handloom Officers Association Director - Gande Venkatesh",+919848010339,2026-08-22T07:03:46.382Z
cmt418eff00gqv3308zfdg4b8,"Irrigation Department Assistant - Nandikanti Srinivas",+919848010338,2026-08-22T07:03:46.382Z
cmt418ej000grv330ljqvd9mc,"Village Revenue Assistant VRA - Gode Narsimha",+919848010337,2026-08-22T07:03:46.382Z
cmt418emj00gsv330baa8hayd,"Asha Health Worker Incharge - Dondapati Mallaiah",+919848010336,2026-08-22T07:03:46.382Z
cmt418eq200gtv330oo0hvebv,"Primary Health Center Medical Officer - Bakkathatla Nayak",+919848010335,2026-08-22T07:03:46.382Z
cmt418etk00guv330889me7pb,"Anganwadi Sector Supervisor - Boya Chary",+919848010334,2026-08-22T07:03:46.382Z
cmt418ex300gvv330cvzz4lym,"Public Works Department Officer - Venreddy Venu",+919848010333,2026-08-22T07:03:46.382Z
cmt418f0l00gwv330h7cx7aaf,"Veterinary Hospital Assistant - Ubbu Shekhar",+919848010332,2026-08-22T07:03:46.382Z
cmt418f4300gxv330a33oqxsk,"Agriculture Extension Officer - Komatireddy Prasad",+919848010331,2026-08-22T07:03:46.382Z
cmt418f7m00gyv3306zorttxg,"Cooperative Society Director - Vangala Kumar",+919848010330,2026-08-22T07:03:46.383Z
cmt418fb600gzv330nq6qa9xo,"Gram Panchayat Ward Member - Battu Gupta",+919848010329,2026-08-22T07:03:46.383Z
cmt418feq00h0v330lrev7kg0,"Panchayati Raj Field Officer - Bandari Rao",+919848010328,2026-08-22T07:03:46.383Z
cmt418fib00h1v3306y2s6hom,"Electrical Assistant Engineer - Palle Reddy",+919848010327,2026-08-22T07:03:46.383Z
cmt418flt00h2v330iczbmoya,"Electricity Line Inspector - Bairikonda Goud",+919848010326,2026-08-22T07:03:46.383Z
cmt418fpd00h3v3301wu72wtm,"Junior Revenue Assistant - Pulugari Balu",+919848010325,2026-08-22T07:03:46.383Z
cmt418fsx00h4v3305gshptog,"Senior Revenue Assistant - Marri Rajesh",+919848010324,2026-08-22T07:03:46.383Z
cmt418fwh00h5v330qyas2pao,"Revenue Inspector - Taduri Gopal",+919848010323,2026-08-22T07:03:46.383Z
cmt418fzs00h6v3302s2718f2,"Police Head Constable - Beerla Lingaiah",+919848010322,2026-08-22T07:03:46.383Z
cmt418g3300h7v330v8oin7es,"Police Assistant Sub-Inspector - Guddati Chandraiah",+919848010321,2026-08-22T07:03:46.383Z
cmt418g6d00h8v330kwt36nor,"Police Sub-Inspector - Poloju Shankar",+919848010320,2026-08-22T07:03:46.383Z
cmt418gai00h9v330xk5f6cat,"Handloom Officers Association Director - Bandari Reddy",+919848010299,2026-08-22T07:03:56.539Z
cmt418ge600hav3301gdz6hic,"Irrigation Department Assistant - Palle Goud",+919848010298,2026-08-22T07:03:56.539Z
cmt418gsd00hev3303qmw0w5k,"Village Revenue Assistant VRA - Bairikonda Balu",+919848010297,2026-08-22T07:03:56.539Z
cmt418gov00hdv33077qxi7sq,"Asha Health Worker Incharge - Pulugari Rajesh",+919848010296,2026-08-22T07:03:56.539Z
cmt418ghq00hbv330pt8653j0,"Primary Health Center Medical Officer - Marri Gopal",+919848010295,2026-08-22T07:03:56.539Z
cmt418gl900hcv3303ex98q6k,"Veterinary Hospital Assistant - Guddati Shankar",+919848010292,2026-08-22T07:03:56.539Z
cmt418gvv00hfv330u8r9vb6v,"Agriculture Extension Officer - Poloju Anjaiah",+919848010291,2026-08-22T07:03:56.539Z
cmt418gze00hgv330omda51mb,"Cooperative Society Director - Survi Yadagiri",+919848010290,2026-08-22T07:03:56.539Z
cmt418h6i00hiv330ij02n9g6,"Gram Panchayat Ward Member - Katakam Suresh",+919848010289,2026-08-22T07:03:56.539Z
cmt418h2y00hhv330ducs4efm,"Panchayati Raj Field Officer - Nalla Ramesh",+919848010288,2026-08-22T07:03:56.539Z
cmt418hho00hlv330ztw624mb,"Electrical Assistant Engineer - Rikkala Mahendar",+919848010287,2026-08-22T07:03:56.539Z
cmt418hon00hnv3301npfo4dr,"Electricity Line Inspector - Gangapuram Ravinder",+919848010286,2026-08-22T07:03:56.539Z
cmt418ha200hjv330ln3ztky8,"Junior Revenue Assistant - Koyyada Satyanarayana",+919848010285,2026-08-22T07:03:56.539Z
cmt418hl600hmv330kb1340c4,"Senior Revenue Assistant - Chilukuri Bhikshapathi",+919848010284,2026-08-22T07:03:56.539Z
cmt418hdk00hkv330ujo7q9cl,"Police Assistant Sub-Inspector - Gande Narsimha",+919848010281,2026-08-22T07:03:56.539Z
cmt418hs600hov330bstspfq9,"Police Sub-Inspector - Nandikanti Mallaiah",+919848010280,2026-08-22T07:03:56.539Z
cmt418hvp00hpv330rgx3cqcs,"Handloom Officers Association Director - Gode Nayak",+919848010279,2026-08-22T07:03:56.539Z
cmt418e8b00gov3309u14n4rz,"Junior Revenue Assistant - Rikkala Suresh",+919848010345,2026-08-22T07:03:46.382Z
cmt418i6a00hsv3307voel99w,"Police Head Constable - Chintala Srinivas",+919848010282,2026-08-22T07:03:56.539Z
cmt418i9t00htv330swyo9t7p,"Irrigation Department Assistant - Dondapati Chary",+919848010278,2026-08-22T07:03:56.539Z
cmt418iyi00i0v330dmxe7wlf,"Village Revenue Assistant VRA - Bakkathatla Venu",+919848010277,2026-08-22T07:03:56.539Z
cmt418jck00i4v330ct4mzink,"Asha Health Worker Incharge - Boya Shekhar",+919848010276,2026-08-22T07:03:56.539Z
cmt418i2r00hrv330njxg8qgy,"Primary Health Center Medical Officer - Venreddy Prasad",+919848010275,2026-08-22T07:03:56.539Z
cmt418idc00huv3309runvyqs,"Anganwadi Sector Supervisor - Ubbu Kumar",+919848010274,2026-08-22T07:03:56.539Z
cmt418igw00hvv330k1asvhlj,"Public Works Department Officer - Komatireddy Gupta",+919848010273,2026-08-22T07:03:56.539Z
cmt418j5k00i2v330dwntwlhs,"Veterinary Hospital Assistant - Vangala Rao",+919848010272,2026-08-22T07:03:56.539Z
cmt418jjj00i6v330y3xeuq5n,"Agriculture Extension Officer - Battu Reddy",+919848010271,2026-08-22T07:03:56.539Z
cmt418k8i00idv330kdyn9y7f,"Cooperative Society Director - Bandari Goud",+919848010270,2026-08-22T07:03:56.540Z
cmt418ikd00hwv330psikxwkp,"Gram Panchayat Ward Member - Palle Balu",+919848010269,2026-08-22T07:03:56.539Z
cmt418inw00hxv330belxs9ri,"Panchayati Raj Field Officer - Bairikonda Rajesh",+919848010268,2026-08-22T07:03:56.539Z
cmt418iux00hzv3302btllsbn,"Electrical Assistant Engineer - Pulugari Gopal",+919848010267,2026-08-22T07:03:56.539Z
cmt418jqp00i8v330cgqoyb72,"Electricity Line Inspector - Marri Lingaiah",+919848010266,2026-08-22T07:03:56.539Z
cmt418ire00hyv330g6lr8419,"Junior Revenue Assistant - Taduri Chandraiah",+919848010265,2026-08-22T07:03:56.539Z
cmt418j9300i3v330o0c7hth4,"Senior Revenue Assistant - Beerla Shankar",+919848010264,2026-08-22T07:03:56.539Z
cmt418jg100i5v330czq3pd6l,"Revenue Inspector - Guddati Anjaiah",+919848010263,2026-08-22T07:03:56.539Z
cmt418jn600i7v330jng4n8im,"Police Head Constable - Poloju Yadagiri",+919848010262,2026-08-22T07:03:56.539Z
cmt418jxv00iav3303meiarmy,"Police Assistant Sub-Inspector - Survi Suresh",+919848010261,2026-08-22T07:03:56.540Z
cmt418k1f00ibv330y4vjevb0,"Police Sub-Inspector - Katakam Ramesh",+919848010260,2026-08-22T07:03:56.540Z
cmt418kc100iev330gzydq2ex,"Handloom Officers Association Director - Nalla Mahendar",+919848010259,2026-08-22T07:03:56.540Z
cmt418k4z00icv330hww16xgw,"Irrigation Department Assistant - Rikkala Ravinder",+919848010258,2026-08-22T07:03:56.540Z
cmt418kfl00ifv330f2m1axna,"Asha Health Worker Incharge - Koyyada Bhikshapathi",+919848010256,2026-08-22T07:03:56.540Z
cmt418kqg00iiv330rwtjq4wi,"Primary Health Center Medical Officer - Chilukuri Venkatesh",+919848010255,2026-08-22T07:03:56.540Z
cmt418kj600igv330soyctiot,"Anganwadi Sector Supervisor - Gutta Srinivas",+919848010254,2026-08-22T07:03:56.540Z
cmt418kmy00ihv330zcg7jqao,"Public Works Department Officer - Chintala Narsimha",+919848010253,2026-08-22T07:03:56.540Z
cmt418ktz00ijv330tesy5m9d,"Veterinary Hospital Assistant - Gande Mallaiah",+919848010252,2026-08-22T07:03:56.540Z
cmt418l7x00inv330uibbpkoj,"Agriculture Extension Officer - Nandikanti Nayak",+919848010251,2026-08-22T07:03:56.540Z
cmt418kxi00ikv330eu7xvo2b,"Cooperative Society Director - Gode Chary",+919848010250,2026-08-22T07:03:56.540Z
cmt418l0z00ilv330823gcs1p,"Gram Panchayat Ward Member - Dondapati Venu",+919848010249,2026-08-22T07:03:56.540Z
cmt418l4f00imv330c9js94cl,"Panchayati Raj Field Officer - Bakkathatla Shekhar",+919848010248,2026-08-22T07:03:56.540Z
cmt418lbh00iov33087kdc4ia,"Electrical Assistant Engineer - Boya Prasad",+919848010247,2026-08-22T07:03:56.540Z
cmt418lij00iqv330vrapm47p,"Electricity Line Inspector - Venreddy Kumar",+919848010246,2026-08-22T07:03:56.540Z
cmt418lf000ipv330h8pecwff,"Junior Revenue Assistant - Ubbu Gupta",+919848010245,2026-08-22T07:03:56.540Z
cmt418lm200irv330sxc4hw0a,"Senior Revenue Assistant - Komatireddy Rao",+919848010244,2026-08-22T07:03:56.540Z
cmt418lpl00isv330ztfk35yn,"Revenue Inspector - Vangala Reddy",+919848010243,2026-08-22T07:03:56.540Z
cmt418jub00i9v330tmmfj76d,"Public Works Department Officer - Beerla Chandraiah",+919848010293,2026-08-22T07:03:56.539Z
cmt418lwq00iuv330mx6zy2sp,"Police Sub-Inspector - Palle Rajesh",+919848010240,2026-08-22T07:03:56.540Z
cmt418m3t00iwv330zqvv5r5q,"Handloom Officers Association Director - Bairikonda Gopal",+919848010239,2026-08-22T07:03:56.540Z
cmt418m7f00ixv330wq4nnh75,"Irrigation Department Assistant - Pulugari Lingaiah",+919848010238,2026-08-22T07:03:56.540Z
cmt418may00iyv330347dzro8,"Village Revenue Assistant VRA - Marri Chandraiah",+919848010237,2026-08-22T07:03:56.540Z
cmt418mei00izv330c4i58hwv,"Asha Health Worker Incharge - Taduri Shankar",+919848010236,2026-08-22T07:03:56.540Z
cmt418mp400j2v330u3lgn51m,"Primary Health Center Medical Officer - Beerla Anjaiah",+919848010235,2026-08-22T07:03:56.540Z
cmt418mi100j0v3307bqxv9rb,"Anganwadi Sector Supervisor - Guddati Yadagiri",+919848010234,2026-08-22T07:03:56.540Z
cmt418mll00j1v3306jabu98e,"Public Works Department Officer - Poloju Suresh",+919848010233,2026-08-22T07:03:56.540Z
cmt418msm00j3v330abttxgyk,"Veterinary Hospital Assistant - Survi Ramesh",+919848010232,2026-08-22T07:03:56.540Z
cmt418mw700j4v330pxilmicy,"Agriculture Extension Officer - Katakam Mahendar",+919848010231,2026-08-22T07:03:56.540Z
cmt418mzs00j5v3309608psa4,"Cooperative Society Director - Nalla Ravinder",+919848010230,2026-08-22T07:03:56.540Z
cmt418n3b00j6v330vzw0vrvo,"Gram Panchayat Ward Member - Rikkala Satyanarayana",+919848010229,2026-08-22T07:03:56.540Z
cmt418n6k00j7v33027rej396,"Panchayati Raj Field Officer - Gangapuram Bhikshapathi",+919848010228,2026-08-22T07:03:56.540Z
cmt418na100j8v330yqorr6uf,"Electrical Assistant Engineer - Koyyada Venkatesh",+919848010227,2026-08-22T07:03:56.540Z
cmt418ndk00j9v330i10nylss,"Electricity Line Inspector - Chilukuri Srinivas",+919848010226,2026-08-22T07:03:56.540Z
cmt418nh400jav3302i6fgt3p,"Junior Revenue Assistant - Gutta Narsimha",+919848010225,2026-08-22T07:03:56.540Z
cmt418nko00jbv330bwz7ok2e,"Senior Revenue Assistant - Chintala Mallaiah",+919848010224,2026-08-22T07:03:56.540Z
cmt418nrq00jdv330en9e6jnu,"Revenue Inspector - Gande Nayak",+919848010223,2026-08-22T07:03:56.540Z
cmt418no700jcv330ytiofm50,"Police Head Constable - Nandikanti Chary",+919848010222,2026-08-22T07:03:56.540Z
cmt418nvy00jev330pq3bulg9,"Police Assistant Sub-Inspector - Gode Venu",+919848010221,2026-08-22T07:03:56.540Z
cmt418nzi00jfv330g5agkdge,"Police Sub-Inspector - Dondapati Shekhar",+919848010220,2026-08-22T07:03:56.540Z
cmt418oai00jiv330lxelbrga,"Handloom Officers Association Director - Gangapuram Venkatesh",+919848010199,2026-08-22T07:04:06.653Z
cmt418o7000jhv3307jzxa77e,"Irrigation Department Assistant - Koyyada Srinivas",+919848010198,2026-08-22T07:04:06.653Z
cmt418o3h00jgv330s1sn4dpa,"Village Revenue Assistant VRA - Chilukuri Narsimha",+919848010197,2026-08-22T07:04:06.653Z
cmt418oe100jjv3302nwy1fq3,"Anganwadi Sector Supervisor - Gande Chary",+919848010194,2026-08-22T07:04:06.653Z
cmt418ohj00jkv330n9qlcda7,"Public Works Department Officer - Nandikanti Venu",+919848010193,2026-08-22T07:04:06.653Z
cmt418ovs00jov3302cyeg4sn,"Veterinary Hospital Assistant - Gode Shekhar",+919848010192,2026-08-22T07:04:06.654Z
cmt418ol500jlv330mb3jmixb,"Agriculture Extension Officer - Dondapati Prasad",+919848010191,2026-08-22T07:04:06.654Z
cmt418os900jnv330wudwp00q,"Cooperative Society Director - Bakkathatla Kumar",+919848010190,2026-08-22T07:04:06.654Z
cmt418oor00jmv330yqp13jfd,"Gram Panchayat Ward Member - Boya Gupta",+919848010189,2026-08-22T07:04:06.654Z
cmt418oza00jpv3302p5qus4y,"Panchayati Raj Field Officer - Venreddy Rao",+919848010188,2026-08-22T07:04:06.654Z
cmt418p2t00jqv3307wirci2h,"Electrical Assistant Engineer - Ubbu Reddy",+919848010187,2026-08-22T07:04:06.654Z
cmt418pgz00juv330hbfjl5x6,"Electricity Line Inspector - Komatireddy Goud",+919848010186,2026-08-22T07:04:06.654Z
cmt418p6d00jrv330ms7lsdyr,"Junior Revenue Assistant - Vangala Balu",+919848010185,2026-08-22T07:04:06.654Z
cmt418pki00jvv3303n25iupu,"Senior Revenue Assistant - Battu Rajesh",+919848010184,2026-08-22T07:04:06.654Z
cmt418p9w00jsv330up3u2t92,"Police Head Constable - Palle Lingaiah",+919848010182,2026-08-22T07:04:06.654Z
cmt418pde00jtv330b3rei1mq,"Police Assistant Sub-Inspector - Bairikonda Chandraiah",+919848010181,2026-08-22T07:04:06.654Z
cmt418lt700itv330jjuc1g91,"Police Assistant Sub-Inspector - Bandari Balu",+919848010241,2026-08-22T07:03:56.540Z
cmt4164yr00alv3cccg3mzuso,"Irrigation Department Assistant - Gutta Goud",+919848010718,2026-08-22T07:02:08.547Z
cmt4168xd00brv3cc6wdcfcp3,"Asha Health Worker Incharge - Bandari Bhikshapathi",+919848010676,2026-08-22T07:02:13.681Z
cmt416byj00cnv3cchhrcugnb,"Senior Revenue Assistant - Pulugari Mallaiah",+919848010644,2026-08-22T07:02:17.611Z
cmt416c8n00cqv3cczsxu5m5s,"Police Assistant Sub-Inspector - Beerla Venu",+919848010641,2026-08-22T07:02:17.975Z
cmt417yod00ccv330zdp3x2fo,"Police Head Constable - Vangala Srinivas",+919848010562,2026-08-22T07:03:26.244Z
cmt417yha00cav330t5wfsl1d,"Handloom Officers Association Director - Dondapati Mahendar",+919848010539,2026-08-22T07:03:26.244Z
cmt4195nh00fpv3q4km8rj2s2,"Anganwadi Sector Supervisor - Komatireddy Srinivas",+919848010534,2026-08-22T07:04:29.405Z
cmt4195qz00fqv3q4g8z93cij,"Public Works Department Officer - Vangala Narsimha",+919848010533,2026-08-22T07:04:29.531Z
cmt4195uj00frv3q4p7i9cjyp,"Veterinary Hospital Assistant - Battu Mallaiah",+919848010532,2026-08-22T07:04:29.660Z
cmt4195y300fsv3q4blnfu2fd,"Agriculture Extension Officer - Bandari Nayak",+919848010531,2026-08-22T07:04:29.787Z
cmt41961l00ftv3q43stacxki,"Cooperative Society Director - Palle Chary",+919848010530,2026-08-22T07:04:29.913Z
cmt41964x00fuv3q41z56ii7d,"Gram Panchayat Ward Member - Bairikonda Venu",+919848010529,2026-08-22T07:04:30.034Z
cmt41977b00g5v3q47dx3rykf,"Irrigation Department Assistant - Gangapuram Lingaiah",+919848010518,2026-08-22T07:04:31.415Z
cmt4197at00g6v3q4q11uhfvu,"Village Revenue Assistant VRA - Koyyada Chandraiah",+919848010517,2026-08-22T07:04:31.541Z
cmt4197ec00g7v3q4dzwv3q9y,"Asha Health Worker Incharge - Chilukuri Shankar",+919848010516,2026-08-22T07:04:31.668Z
cmt4197ht00g8v3q4t05ckmlc,"Primary Health Center Medical Officer - Gutta Anjaiah",+919848010515,2026-08-22T07:04:31.793Z
cmt4197lc00g9v3q484ik9mpe,"Anganwadi Sector Supervisor - Chintala Yadagiri",+919848010514,2026-08-22T07:04:31.920Z
cmt4197ox00gav3q4qay5goe5,"Public Works Department Officer - Gande Suresh",+919848010513,2026-08-22T07:04:32.049Z
cmt4197t700gbv3q48lj5w2wa,"Veterinary Hospital Assistant - Nandikanti Ramesh",+919848010512,2026-08-22T07:04:32.179Z
cmt4197wq00gcv3q43c75r0ir,"Agriculture Extension Officer - Gode Mahendar",+919848010511,2026-08-22T07:04:32.330Z
cmt41980900gdv3q4l3cyp988,"Cooperative Society Director - Dondapati Ravinder",+919848010510,2026-08-22T07:04:32.457Z
cmt41983w00gev3q42lh55c93,"Gram Panchayat Ward Member - Bakkathatla Satyanarayana",+919848010509,2026-08-22T07:04:32.588Z
cmt41987h00gfv3q4lb7ymuy4,"Panchayati Raj Field Officer - Boya Bhikshapathi",+919848010508,2026-08-22T07:04:32.717Z
cmt4198b300ggv3q4wspcuod0,"Electrical Assistant Engineer - Venreddy Venkatesh",+919848010507,2026-08-22T07:04:32.848Z
cmt4198el00ghv3q4kj9eplwn,"Electricity Line Inspector - Ubbu Srinivas",+919848010506,2026-08-22T07:04:32.973Z
cmt4198i400giv3q4rrxul8jl,"Junior Revenue Assistant - Komatireddy Narsimha",+919848010505,2026-08-22T07:04:33.101Z
cmt4198lp00gjv3q4pa9zg0sp,"Senior Revenue Assistant - Vangala Mallaiah",+919848010504,2026-08-22T07:04:33.229Z
cmt4198p800gkv3q42cn8zgzw,"Revenue Inspector - Battu Nayak",+919848010503,2026-08-22T07:04:33.356Z
cmt4198ss00glv3q4l0y4y51j,"Police Head Constable - Bandari Chary",+919848010502,2026-08-22T07:04:33.484Z
cmt4198zu00gnv3q42un8zf0a,"Police Sub-Inspector - Bairikonda Shekhar",+919848010500,2026-08-22T07:04:33.739Z
cmt41881e00exv330bpyh0op5,"Handloom Officers Association Director - Pulugari Prasad",+919848010499,2026-08-22T07:03:36.323Z
cmt4182ip00ddv330yyj9mv2p,"Handloom Officers Association Director - Boya Venkatesh",+919848010479,2026-08-22T07:03:36.324Z
cmt4182wv00dhv330znaz57ra,"Irrigation Department Assistant - Venreddy Srinivas",+919848010478,2026-08-22T07:03:36.324Z
cmt419gim00irv3q4d7xhm0oe,"Senior Revenue Assistant - Gode Bhikshapathi",+919848010424,2026-08-22T07:04:43.486Z
cmt419gtc00iuv3q4omfvzz2k,"Police Assistant Sub-Inspector - Boya Narsimha",+919848010421,2026-08-22T07:04:43.872Z
cmt419h4000ixv3q4dtua7yk7,"Irrigation Department Assistant - Komatireddy Chary",+919848010418,2026-08-22T07:04:44.256Z
cmt419h7k00iyv3q4ti9zu7su,"Village Revenue Assistant VRA - Vangala Venu",+919848010417,2026-08-22T07:04:44.384Z
cmt418pvh00jyv330pmwpx3cl,"Handloom Officers Association Director - Marri Anjaiah",+919848010179,2026-08-22T07:04:06.654Z
cmt418q9o00k2v330881q5o05,"Irrigation Department Assistant - Taduri Yadagiri",+919848010178,2026-08-22T07:04:06.654Z
cmt418qrc00k7v3305ab282vo,"Village Revenue Assistant VRA - Beerla Suresh",+919848010177,2026-08-22T07:04:06.654Z
cmt418prl00jxv330r7gs5gr5,"Asha Health Worker Incharge - Guddati Ramesh",+919848010176,2026-08-22T07:04:06.654Z
cmt418q2i00k0v330v2ap0n8y,"Primary Health Center Medical Officer - Poloju Mahendar",+919848010175,2026-08-22T07:04:06.654Z
cmt418qd600k3v330u0vhfxk6,"Anganwadi Sector Supervisor - Survi Ravinder",+919848010174,2026-08-22T07:04:06.654Z
cmt418qyg00k9v330an0ifad7,"Public Works Department Officer - Katakam Satyanarayana",+919848010173,2026-08-22T07:04:06.654Z
cmt418rjr00kfv330k6cu4dea,"Veterinary Hospital Assistant - Nalla Bhikshapathi",+919848010172,2026-08-22T07:04:06.654Z
cmt418s4z00klv330q7acgska,"Agriculture Extension Officer - Rikkala Venkatesh",+919848010171,2026-08-22T07:04:06.654Z
cmt418q6400k1v330w256n87j,"Cooperative Society Director - Gangapuram Srinivas",+919848010170,2026-08-22T07:04:06.654Z
cmt418qgr00k4v3309asv5rrx,"Gram Panchayat Ward Member - Koyyada Narsimha",+919848010169,2026-08-22T07:04:06.654Z
cmt418r5j00kbv330soxlfpa5,"Panchayati Raj Field Officer - Chilukuri Mallaiah",+919848010168,2026-08-22T07:04:06.654Z
cmt418rqt00khv330cah674e1,"Electrical Assistant Engineer - Gutta Nayak",+919848010167,2026-08-22T07:04:06.654Z
cmt418sc200knv330k2eks6vj,"Electricity Line Inspector - Chintala Chary",+919848010166,2026-08-22T07:04:06.654Z
cmt418qka00k5v330v230nzbn,"Junior Revenue Assistant - Gande Venu",+919848010165,2026-08-22T07:04:06.654Z
cmt418qns00k6v330gjavar3a,"Senior Revenue Assistant - Nandikanti Shekhar",+919848010164,2026-08-22T07:04:06.654Z
cmt418quw00k8v330am52wsgc,"Revenue Inspector - Gode Prasad",+919848010163,2026-08-22T07:04:06.654Z
cmt418r1z00kav330d0cruiop,"Police Head Constable - Dondapati Kumar",+919848010162,2026-08-22T07:04:06.654Z
cmt418rcn00kdv330mk8cmuct,"Police Assistant Sub-Inspector - Bakkathatla Gupta",+919848010161,2026-08-22T07:04:06.654Z
cmt418rxx00kjv3306pc5nhht,"Police Sub-Inspector - Boya Rao",+919848010160,2026-08-22T07:04:06.654Z
cmt418sfm00kov330n80ijmcj,"Handloom Officers Association Director - Venreddy Reddy",+919848010159,2026-08-22T07:04:06.654Z
cmt418sqa00krv330eimsyopj,"Irrigation Department Assistant - Ubbu Goud",+919848010158,2026-08-22T07:04:06.654Z
cmt418r9200kcv330zbohw8iz,"Village Revenue Assistant VRA - Komatireddy Balu",+919848010157,2026-08-22T07:04:06.654Z
cmt418rg800kev3307heb6fpi,"Asha Health Worker Incharge - Vangala Rajesh",+919848010156,2026-08-22T07:04:06.654Z
cmt418rnb00kgv330uk9ybn2k,"Primary Health Center Medical Officer - Battu Gopal",+919848010155,2026-08-22T07:04:06.654Z
cmt418rud00kiv330z9abywpl,"Anganwadi Sector Supervisor - Bandari Lingaiah",+919848010154,2026-08-22T07:04:06.654Z
cmt418s1f00kkv330q70o8qri,"Public Works Department Officer - Palle Chandraiah",+919848010153,2026-08-22T07:04:06.654Z
cmt418s8j00kmv330zhxu4h77,"Veterinary Hospital Assistant - Bairikonda Shankar",+919848010152,2026-08-22T07:04:06.654Z
cmt418sj500kpv330q2qu60w3,"Agriculture Extension Officer - Pulugari Anjaiah",+919848010151,2026-08-22T07:04:06.654Z
cmt418smp00kqv330obea3lvs,"Cooperative Society Director - Marri Yadagiri",+919848010150,2026-08-22T07:04:06.654Z
cmt418tbl00kxv330hryi7aqi,"Gram Panchayat Ward Member - Taduri Suresh",+919848010149,2026-08-22T07:04:06.654Z
cmt418stt00ksv330q80tz1ua,"Police Assistant Sub-Inspector - Gangapuram Narsimha",+919848010141,2026-08-22T07:04:06.654Z
cmt418sxc00ktv330xeqei8uw,"Anganwadi Sector Supervisor - Gode Kumar",+919848010134,2026-08-22T07:04:06.654Z
cmt418t0x00kuv330d4r6tkgd,"Public Works Department Officer - Dondapati Gupta",+919848010133,2026-08-22T07:04:06.654Z
cmt418t8100kwv330pmvrbh7j,"Veterinary Hospital Assistant - Bakkathatla Rao",+919848010132,2026-08-22T07:04:06.654Z
cmt418tf400kyv330l3p42psq,"Electrical Assistant Engineer - Vangala Gopal",+919848010127,2026-08-22T07:04:06.655Z
cmt418po100jwv330p0t6kfwx,"Police Sub-Inspector - Pulugari Shankar",+919848010180,2026-08-22T07:04:06.654Z
cmt418ui400l9v330e8g5wnox,"Electrical Assistant Engineer - Guddati Mahendar",+919848010147,2026-08-22T07:04:06.655Z
cmt418v7100lgv330sqnn7ho0,"Electricity Line Inspector - Poloju Ravinder",+919848010146,2026-08-22T07:04:06.655Z
cmt418tpu00l1v330wpqvtnx3,"Police Sub-Inspector - Koyyada Mallaiah",+919848010140,2026-08-22T07:04:06.655Z
cmt418ub200l7v330rkjzttbd,"Handloom Officers Association Director - Chilukuri Nayak",+919848010139,2026-08-22T07:04:06.655Z
cmt418uwc00ldv330ekwpogal,"Irrigation Department Assistant - Gutta Chary",+919848010138,2026-08-22T07:04:06.655Z
cmt418vor00llv33091b9g44o,"Village Revenue Assistant VRA - Chintala Venu",+919848010137,2026-08-22T07:04:06.655Z
cmt418tio00kzv330we52qwjf,"Agriculture Extension Officer - Boya Reddy",+919848010131,2026-08-22T07:04:06.655Z
cmt418tte00l2v330vi6u4134,"Cooperative Society Director - Venreddy Goud",+919848010130,2026-08-22T07:04:06.655Z
cmt418u3z00l5v330651o0s9v,"Gram Panchayat Ward Member - Ubbu Balu",+919848010129,2026-08-22T07:04:06.655Z
cmt418tmb00l0v330afbyrdqc,"Electricity Line Inspector - Battu Lingaiah",+919848010126,2026-08-22T07:04:06.655Z
cmt418u0g00l4v330p9mi5onq,"Junior Revenue Assistant - Bandari Chandraiah",+919848010125,2026-08-22T07:04:06.655Z
cmt418u7h00l6v330mzz7yr5q,"Senior Revenue Assistant - Palle Shankar",+919848010124,2026-08-22T07:04:06.655Z
cmt418uel00l8v330xtbmmylv,"Revenue Inspector - Bairikonda Anjaiah",+919848010123,2026-08-22T07:04:06.655Z
cmt418up700lbv330m3pczens,"Police Head Constable - Pulugari Yadagiri",+919848010122,2026-08-22T07:04:06.655Z
cmt418ve400liv330qi6o39kk,"Police Assistant Sub-Inspector - Marri Suresh",+919848010121,2026-08-22T07:04:06.655Z
cmt418vsb00lmv330hv0rq580,"Police Sub-Inspector - Taduri Ramesh",+919848010120,2026-08-22T07:04:06.655Z
cmt418ulp00lav330mzi859ij,"Village Revenue Assistant VRA - Poloju Satyanarayana",+919848010117,2026-08-22T07:04:06.655Z
cmt418usr00lcv330dsnlqxoz,"Asha Health Worker Incharge - Survi Bhikshapathi",+919848010116,2026-08-22T07:04:06.655Z
cmt418v3g00lfv330iw0gc3ed,"Primary Health Center Medical Officer - Katakam Venkatesh",+919848010115,2026-08-22T07:04:06.655Z
cmt418vaj00lhv33043ni027i,"Anganwadi Sector Supervisor - Nalla Srinivas",+919848010114,2026-08-22T07:04:06.655Z
cmt418vl800lkv330dv34ymqo,"Public Works Department Officer - Rikkala Narsimha",+919848010113,2026-08-22T07:04:06.655Z
cmt418vho00ljv330ej76a216,"Veterinary Hospital Assistant - Gangapuram Mallaiah",+919848010112,2026-08-22T07:04:06.655Z
cmt418vzz00lov3306hjhqpku,"Handloom Officers Association Director - Komatireddy Gopal",+919848010099,2026-08-22T07:04:16.769Z
cmt418w3h00lpv330gumuyb2j,"Irrigation Department Assistant - Vangala Lingaiah",+919848010098,2026-08-22T07:04:16.769Z
cmt418vwh00lnv330jqcxx6o8,"Village Revenue Assistant VRA - Battu Chandraiah",+919848010097,2026-08-22T07:04:16.769Z
cmt418waq00lrv330fl5kye24,"Asha Health Worker Incharge - Bandari Shankar",+919848010096,2026-08-22T07:04:16.769Z
cmt418wea00lsv330h10stofl,"Primary Health Center Medical Officer - Palle Anjaiah",+919848010095,2026-08-22T07:04:16.769Z
cmt418wsj00lwv330oi54iaan,"Anganwadi Sector Supervisor - Bairikonda Yadagiri",+919848010094,2026-08-22T07:04:16.769Z
cmt418w7000lqv330xx3pl6vy,"Public Works Department Officer - Pulugari Suresh",+919848010093,2026-08-22T07:04:16.769Z
cmt418whu00ltv330ny4gt792,"Veterinary Hospital Assistant - Marri Ramesh",+919848010092,2026-08-22T07:04:16.769Z
cmt418ww200lxv3304yzgmjaa,"Agriculture Extension Officer - Taduri Mahendar",+919848010091,2026-08-22T07:04:16.769Z
cmt418wlf00luv330i4gpg0aa,"Cooperative Society Director - Beerla Ravinder",+919848010090,2026-08-22T07:04:16.769Z
cmt418woz00lvv330e9doqhaq,"Gram Panchayat Ward Member - Guddati Satyanarayana",+919848010089,2026-08-22T07:04:16.769Z
cmt418wzm00lyv3305wqlo0ov,"Panchayati Raj Field Officer - Poloju Bhikshapathi",+919848010088,2026-08-22T07:04:16.769Z
cmt418x3400lzv330lrwzhtej,"Electrical Assistant Engineer - Survi Venkatesh",+919848010087,2026-08-22T07:04:16.769Z
cmt418x6m00m0v330djid07qo,"Electricity Line Inspector - Katakam Srinivas",+919848010086,2026-08-22T07:04:16.769Z
cmt418xa400m1v330vmb07h7r,"Police Head Constable - Koyyada Chary",+919848010082,2026-08-22T07:04:16.769Z
cmt418z1n00mjv330vbreh0wd,"Revenue Inspector - Gangapuram Nayak",+919848010083,2026-08-22T07:04:16.770Z
cmt418xog00m5v3307siiroya,"Police Assistant Sub-Inspector - Chilukuri Venu",+919848010081,2026-08-22T07:04:16.769Z
cmt418xyz00m8v330gf2usea4,"Police Sub-Inspector - Gutta Shekhar",+919848010080,2026-08-22T07:04:16.769Z
cmt418xhe00m3v330lwd8sqvh,"Irrigation Department Assistant - Gande Kumar",+919848010078,2026-08-22T07:04:16.769Z
cmt418xry00m6v330stuare3q,"Village Revenue Assistant VRA - Nandikanti Gupta",+919848010077,2026-08-22T07:04:16.769Z
cmt418xvg00m7v330e95hqgay,"Asha Health Worker Incharge - Gode Rao",+919848010076,2026-08-22T07:04:16.769Z
cmt418y2h00m9v330k3gr2l8v,"Primary Health Center Medical Officer - Dondapati Reddy",+919848010075,2026-08-22T07:04:16.769Z
cmt418yd000mcv330tkg3w3tl,"Anganwadi Sector Supervisor - Bakkathatla Goud",+919848010074,2026-08-22T07:04:16.770Z
cmt418yr400mgv330o739j6h2,"Public Works Department Officer - Boya Balu",+919848010073,2026-08-22T07:04:16.770Z
cmt418yy600miv3301lvcp3qt,"Veterinary Hospital Assistant - Venreddy Rajesh",+919848010072,2026-08-22T07:04:16.770Z
cmt418y9j00mbv330edwogmpg,"Agriculture Extension Officer - Ubbu Gopal",+919848010071,2026-08-22T07:04:16.769Z
cmt418ygj00mdv3304241f4j2,"Cooperative Society Director - Komatireddy Lingaiah",+919848010070,2026-08-22T07:04:16.770Z
cmt418yun00mhv3307h669myk,"Gram Panchayat Ward Member - Vangala Chandraiah",+919848010069,2026-08-22T07:04:16.770Z
cmt418zna00mpv330lja8x893,"Panchayati Raj Field Officer - Battu Shankar",+919848010068,2026-08-22T07:04:16.770Z
cmt41908500mvv330zs0zm7ba,"Electrical Assistant Engineer - Bandari Anjaiah",+919848010067,2026-08-22T07:04:16.770Z
cmt418yk300mev330iuec5c4l,"Electricity Line Inspector - Palle Yadagiri",+919848010066,2026-08-22T07:04:16.770Z
cmt418ynm00mfv33012ycid4u,"Junior Revenue Assistant - Bairikonda Suresh",+919848010065,2026-08-22T07:04:16.770Z
cmt418z5500mkv330q8j0i3zz,"Senior Revenue Assistant - Pulugari Ramesh",+919848010064,2026-08-22T07:04:16.770Z
cmt418z9200mlv330n266i2qq,"Revenue Inspector - Marri Mahendar",+919848010063,2026-08-22T07:04:16.770Z
cmt418zu100mrv330scvzm50m,"Police Head Constable - Taduri Ravinder",+919848010062,2026-08-22T07:04:16.770Z
cmt4190f900mxv330irbhwx1m,"Police Assistant Sub-Inspector - Beerla Satyanarayana",+919848010061,2026-08-22T07:04:16.770Z
cmt418zck00mmv330qao7976g,"Irrigation Department Assistant - Survi Srinivas",+919848010058,2026-08-22T07:04:16.770Z
cmt418zqm00mqv330rpuajgwb,"Village Revenue Assistant VRA - Katakam Narsimha",+919848010057,2026-08-22T07:04:16.770Z
cmt41901200mtv330kneztjv0,"Asha Health Worker Incharge - Nalla Mallaiah",+919848010056,2026-08-22T07:04:16.770Z
cmt418zfy00mnv330c642m9nf,"Primary Health Center Medical Officer - Rikkala Nayak",+919848010055,2026-08-22T07:04:16.770Z
cmt418zjx00mov330u3tjlla5,"Anganwadi Sector Supervisor - Gangapuram Chary",+919848010054,2026-08-22T07:04:16.770Z
cmt418zxj00msv3300wzcqvd0,"Public Works Department Officer - Koyyada Venu",+919848010053,2026-08-22T07:04:16.770Z
cmt41904m00muv3305afixl4h,"Veterinary Hospital Assistant - Chilukuri Shekhar",+919848010052,2026-08-22T07:04:16.770Z
cmt4190bp00mwv3302jobh5im,"Agriculture Extension Officer - Gutta Prasad",+919848010051,2026-08-22T07:04:16.770Z
cmt4190m600mzv330qjp9q2o5,"Cooperative Society Director - Chintala Kumar",+919848010050,2026-08-22T07:04:16.770Z
cmt4190wd00n2v330yss3qbve,"Gram Panchayat Ward Member - Gande Gupta",+919848010049,2026-08-22T07:04:16.770Z
cmt4190is00myv330hpf4yjc8,"Electrical Assistant Engineer - Gode Reddy",+919848010047,2026-08-22T07:04:16.770Z
cmt4190pl00n0v330t3qr9x7j,"Electricity Line Inspector - Dondapati Goud",+919848010046,2026-08-22T07:04:16.770Z
cmt4190sx00n1v3309t0piiv1,"Junior Revenue Assistant - Bakkathatla Balu",+919848010045,2026-08-22T07:04:16.770Z
cmt41917000n5v330sgzmgnd7,"Senior Revenue Assistant - Boya Rajesh",+919848010044,2026-08-22T07:04:16.770Z
cmt41913g00n4v3309kinanv0,"Police Assistant Sub-Inspector - Komatireddy Chandraiah",+919848010041,2026-08-22T07:04:16.770Z
cmt4190zx00n3v3305qdhqyan,"Police Sub-Inspector - Vangala Shankar",+919848010040,2026-08-22T07:04:16.770Z
cmt418y6000mav330i7slj2dm,"Senior Revenue Assistant - Rikkala Mallaiah",+919848010084,2026-08-22T07:04:16.769Z
cmt4191ak00n6v330cytyjvul,"Panchayati Raj Field Officer - Nandikanti Rao",+919848010048,2026-08-22T07:04:16.770Z
cmt4191ym00nbv3300ha5pqfy,"Revenue Inspector - Venreddy Gopal",+919848010043,2026-08-22T07:04:16.770Z
cmt4192up00nkv330nxc7pbl3,"Police Head Constable - Ubbu Lingaiah",+919848010042,2026-08-22T07:04:16.770Z
cmt4191o600n8v330rhb8kz6q,"Handloom Officers Association Director - Battu Anjaiah",+919848010039,2026-08-22T07:04:16.770Z
cmt4191rn00n9v330bf02hbtr,"Irrigation Department Assistant - Bandari Yadagiri",+919848010038,2026-08-22T07:04:16.770Z
cmt4192cv00nfv3306m6pkurq,"Village Revenue Assistant VRA - Palle Suresh",+919848010037,2026-08-22T07:04:16.770Z
cmt4192r400njv330siekyxud,"Asha Health Worker Incharge - Bairikonda Ramesh",+919848010036,2026-08-22T07:04:16.770Z
cmt4191v500nav3301l7ffxor,"Anganwadi Sector Supervisor - Marri Ravinder",+919848010034,2026-08-22T07:04:16.770Z
cmt41922700ncv33047fipqa7,"Public Works Department Officer - Taduri Satyanarayana",+919848010033,2026-08-22T07:04:16.770Z
cmt41929c00nev3304785nxvc,"Veterinary Hospital Assistant - Beerla Bhikshapathi",+919848010032,2026-08-22T07:04:16.770Z
cmt4192gf00ngv330d7q8xn44,"Agriculture Extension Officer - Guddati Venkatesh",+919848010031,2026-08-22T07:04:16.770Z
cmt4192y800nlv330kc1n2v8n,"Cooperative Society Director - Poloju Srinivas",+919848010030,2026-08-22T07:04:16.770Z
cmt4192k000nhv330tjd78veo,"Electrical Assistant Engineer - Nalla Nayak",+919848010027,2026-08-22T07:04:16.770Z
cmt4192nk00niv330j1thq5ni,"Electricity Line Inspector - Rikkala Chary",+919848010026,2026-08-22T07:04:16.770Z
cmt41931q00nmv330hjznh5p4,"Junior Revenue Assistant - Gangapuram Venu",+919848010025,2026-08-22T07:04:16.770Z
cmt41935a00nnv330gfa7a5jn,"Senior Revenue Assistant - Koyyada Shekhar",+919848010024,2026-08-22T07:04:16.770Z
cmt4193cd00npv330szkr3sjd,"Police Sub-Inspector - Gande Rao",+919848010020,2026-08-22T07:04:16.770Z
cmt4193fw00nqv330t9ue0qvp,"Handloom Officers Association Director - Nandikanti Reddy",+919848010019,2026-08-22T07:04:16.770Z
cmt4193jf00nrv330g6sjrs2y,"Irrigation Department Assistant - Gode Goud",+919848010018,2026-08-22T07:04:16.770Z
cmt4193rc00ntv3309vs1sz32,"Bank of Baroda Choutuppal",+919010522260,2026-08-22T07:04:26.811Z
cmt4193ne00nsv330tqp67m43,"District Co-operative Central Bank",+918498055171,2026-08-22T07:04:26.811Z
cmt4193v300nuv330jnuxgvyn,"State Bank of India Hyderabad Road",+919030963199,2026-08-22T07:04:26.811Z
cmt4193yl00nvv330mfvn3cog,"Indian Bank Choutuppal",+919912748900,2026-08-22T07:04:26.811Z
cmt4194by00nzv3309b171v9h,"Union Bank of India Choutuppal",+919653612651,2026-08-22T07:04:26.811Z
cmt41941x00nwv3309nn9u1c3,"Telangana Grameena Bank Choutuppal",+919490153745,2026-08-22T07:04:26.811Z
cmt41948q00nyv3300lkzokgf,"State Bank of India (SBI) Choutuppal Branch",+918694272230,2026-08-22T07:04:26.811Z
cmt4194m000o2v330pbvqob6s,"Newton Physiotherapy Clinic",+919963774454,2026-08-22T07:04:26.811Z
cmt41945800nxv330if3gblis,"Dr. G. Santhosh Reddy - Orthopaedic Surgeon",+917730039610,2026-08-22T07:04:26.811Z
cmt4194fd00o0v3305wiyo1um,"Sai Jyothi Hospital Emergency",+919505963003,2026-08-22T07:04:26.811Z
cmt4194im00o1v3307fywfzqd,"Panchayat Secretary Ellagiri - N. Bhavani",+918500692457,2026-08-22T07:04:26.811Z
cmt4194wg00o5v330i5stfvxh,"Panchayat Secretary Yassanagathanda - D. Rajendar Reddy",+919542858492,2026-08-22T07:04:26.811Z
cmt4195ao00o9v330tzhc86up,"Panchayat Secretary Thoorpanpally - E. Vijay Kumar",+919666087548,2026-08-22T07:04:26.811Z
cmt4194ph00o3v330yvnnpeke,"Panchayat Secretary S. Lingotam - B. Jyothi",+918919258174,2026-08-22T07:04:26.811Z
cmt4194sx00o4v330rvwhxrlr,"Panchayat Secretary Peepalpahad - B. Geetha",+919849331561,2026-08-22T07:04:26.811Z
cmt41957500o8v330q02z2xoy,"Panchayat Secretary Pedda Kondur - P. Srisailam",+919494351355,2026-08-22T07:04:26.811Z
cmt41950100o6v33021zqocfe,"Panchayat Secretary Nelapatla - A. Brahmani",+919951126484,2026-08-22T07:04:26.811Z
cmt41953l00o7v33066vqsopj,"Panchayat Secretary Maseedgudem - N. Kavya",+917013432064,2026-08-22T07:04:26.811Z
cmt41925s00ndv3308kyat8ww,"Handloom Officers Association Director - Poloju Venkatesh",+919848010059,2026-08-22T07:04:16.770Z
cmt4195hy00obv3308u2zksg5,"Panchayat Secretary Kuntlagudem - M. Kiran",+919666123782,2026-08-22T07:04:26.811Z
cmt4195w500ofv330a0qbykq4,"Panchayat Secretary Koyyalagudem - M. Jalandhar Reddy",+919440124594,2026-08-22T07:04:26.811Z
cmt4196nu00onv330cg4rcphu,"Panchayat Secretary Katrevu - B. Shivashankar",+919000772670,2026-08-22T07:04:26.811Z
cmt41979000otv330tjvxplgk,"Panchayat Secretary Kaitapuram - K. Anasuya",+916300209561,2026-08-22T07:04:26.811Z
cmt4197u400ozv330kwykgqxf,"Panchayat Secretary Jaikeshwaram - C.H. Saritha",+919848479912,2026-08-22T07:04:26.812Z
cmt4195sl00oev3302b94dnlx,"Panchayat Secretary Dharmojigudem - S. Bhagyashri",+917036079471,2026-08-22T07:04:26.811Z
cmt4196d500okv330fc3gu0gg,"Panchayat Secretary Ellambavi - D. Ramakrishna",+919121722651,2026-08-22T07:04:26.811Z
cmt4196uv00opv3306whw3tds,"Panchayat Secretary D. Malapur - P. Ramadevi",+919640372500,2026-08-22T07:04:26.811Z
cmt4195zr00ogv3307ihqsu00,"Panchayat Secretary Damera - E. Kalpana",+919948430999,2026-08-22T07:04:26.811Z
cmt41963600ohv330oyibuj71,"Panchayat Secretary D. Nagaram - P. Satheesh Kumar",+918688558348,2026-08-22T07:04:26.811Z
cmt4196gq00olv330qw1881bs,"Panchayat Secretary Chintalagudem - P. Sakku Bai",+919014705799,2026-08-22T07:04:26.811Z
cmt41971y00orv33067cu9hpx,"Panchayat Secretary Chinna Kondur - T. Naresh Kumar",+919676248403,2026-08-22T07:04:26.811Z
cmt41969w00ojv330pp5ebjqp,"Panchayat Secretary Are Gudem - M. Suresh",+919542400491,2026-08-22T07:04:26.811Z
cmt41966o00oiv330nk6l3y4v,"Panchayat Secretary Ankireddygudem - G. Pandu",+919000331876,2026-08-22T07:04:26.811Z
cmt4196k700omv330fqe6gjpc,"Panchayat Secretary Allapuram - V. Ravinder",+918499007353,2026-08-22T07:04:26.811Z
cmt4196rd00oov330e1l3gcck,"Sarpanch Koyyalagudem - Bairikonda Swapna",+919989307734,2026-08-22T07:04:26.811Z
cmt4196ye00oqv330ssiur1z3,"Sarpanch Ellagiri - Rikkala Mahendar Reddy",+919848172555,2026-08-22T07:04:26.811Z
cmt41975h00osv330ld00gnfp,"Sarpanch Yassanagathanda - Karakontha Raju Nayak",+918555937299,2026-08-22T07:04:26.811Z
cmt4197ci00ouv330gswgaq5y,"Sarpanch Thoorpanpally - Bakkathatla Radhika",+919553331331,2026-08-22T07:04:26.812Z
cmt4197g100ovv330i9odknfo,"Sarpanch S. Lingotam - Bheemidi Pradeep Goud",+919849320041,2026-08-22T07:04:26.812Z
cmt41981700p1v330p87y0f7h,"Sarpanch Pedda Kondur - Gundeboina Shirisha",+919848482684,2026-08-22T07:04:26.812Z
cmt4198me00p7v3300yrzosir,"Sarpanch Peepalpahad - Pulugari Narsingarao",+919848228894,2026-08-22T07:04:26.812Z
cmt4197jj00owv3300n3yi7lm,"Sarpanch Nelapatla - Gangapuram Vasantha",+918464855517,2026-08-22T07:04:26.812Z
cmt4197n200oxv3302ewsp963,"Sarpanch Mandollagudem - Thangella Venkatesham",+919848284667,2026-08-22T07:04:26.812Z
cmt4198br00p4v330e6p1v71m,"Sarpanch Maseedgudem - Marri Vamshi Reddy",+919848470460,2026-08-22T07:04:26.812Z
cmt4198th00p9v330ues2p3lq,"Sarpanch Kuntlagudem - Annaldas Naresh",+919948915741,2026-08-22T07:04:26.812Z
cmt4197ql00oyv330vbb6h7lh,"Sarpanch Katrevu - Boya Mahendramani",+919110353715,2026-08-22T07:04:26.812Z
cmt4197xo00p0v330wbnitnic,"Sarpanch Kaitapuram - Yella Ramalingeshwar Reddy",+919885727490,2026-08-22T07:04:26.812Z
cmt41984q00p2v330813ikej5,"Sarpanch Jaikeshwaram - Sammi Reddy Bharathamma",+919502944743,2026-08-22T07:04:26.812Z
cmt41988900p3v330f35ehwoz,"Sarpanch Gundlabavi - Nandikanti Venkatesh",+919848814884,2026-08-22T07:04:26.812Z
cmt4198fa00p5v330gqx2z9ll,"Sarpanch Ellambavi - Ganjee Vanaja",+919291659066,2026-08-22T07:04:26.812Z
cmt41990i00pbv330ci5bypyx,"Sarpanch D. Malapur - Gingutla Noshang Goud",+919659719719,2026-08-22T07:04:26.812Z
cmt4198iu00p6v330l7jkfl0j,"Sarpanch Dharmojigudem - Javvaji Narsimha",+919848730481,2026-08-22T07:04:26.812Z
cmt4198pv00p8v33068ykzikm,"Sarpanch Damera - Satthelli Sridhar Rao",+919912336591,2026-08-22T07:04:26.812Z
cmt4198wz00pav330e6g3wxnp,"Sarpanch Chintalagudem - Munsugula Anji Reddy",+919866856669,2026-08-22T07:04:26.812Z
cmt41994200pcv330j0bsxuu8,"Sarpanch Chinna Kondur - Linga Chandraiah",+919848081553,2026-08-22T07:04:26.812Z
cmt41997l00pdv330dya4ewzd,"Sarpanch Allapuram - Bethelli Manjula",+918074164063,2026-08-22T07:04:26.812Z
cmt4195e800oav330e3j9so0f,"Panchayat Secretary Mandollagudem - R. Mathsyagiri",+916304715344,2026-08-22T07:04:26.811Z
cmt4159im001dv3ccalikol3m,"Cooperative Society Director - Pulugari Lingaiah",+919848011050,2026-08-22T07:01:27.790Z
cmt419a6v00pnv330p8piknki,"Sarpanch Ankireddygudem - Survi Mallaiah Goud",+919948257424,2026-08-22T07:04:26.812Z
cmt4199b400pev330r4htyo7p,"AAO Electricity Office Choutuppal",+917901099602,2026-08-22T07:04:26.812Z
cmt4199en00pfv330vqcacfec,"Traffic Police Station Choutuppal",+917901133024,2026-08-22T07:04:26.812Z
cmt4199sp00pjv330lpgsd7ip,"HDFC Bank Choutuppal Branch",+919848730946,2026-08-22T07:04:26.812Z
cmt419ae000ppv330nkfevb9n,"Canara Bank Choutuppal Main Road",+919948485483,2026-08-22T07:04:26.812Z
cmt419avm00puv33045n8c0xk,"State Bank of India Choutuppal Main Branch - SBI Choutuppal Branch",+08694272230,2026-08-22T07:04:26.812Z
cmt4199zs00plv330z62xxqm3,"Aleru Community Health Center",+918008039691,2026-08-22T07:04:26.812Z
cmt419as200ptv330v61mthqi,"Ramannapet Community Health Center",+918008553205,2026-08-22T07:04:26.812Z
cmt419az700pvv330iq52csbn,"Bhongir Government Hospital Emergency",+917702544000,2026-08-22T07:04:26.812Z
cmt4199w800pkv330e4zpukhs,"Choutuppal Community Health Center Superintendent",+919948595002,2026-08-22T07:04:26.812Z
cmt419a3b00pmv330toyiw1kz,"Public Leader - Ubbu Venkataiah",+919848760477,2026-08-22T07:04:26.812Z
cmt419aaf00pov330haj7ps7k,"Municipal Leader - Venkateshwar Nayak",+919849904150,2026-08-22T07:04:26.812Z
cmt419ahj00pqv3300czadoah,"Ex Municipal Chairman - Venreddy Raju",+919848269754,2026-08-22T07:04:26.812Z
cmt419aok00psv330gsbuxy2x,"Ex MPP Leader - Taduri Venkata Reddy",+919505100555,2026-08-22T07:04:26.812Z
cmt419bag00pyv3302y7ib4eb,"Ex ZPTC Leader - Chilukuri Prabhakar Reddy",+919908899488,2026-08-22T07:04:26.812Z
cmt419al100prv330km9qrwae,"Ex MLC Leader - Karne Prabhakar",+919618883555,2026-08-22T07:04:26.812Z
cmt419b2r00pwv33001inwm9u,"DCC President - Beerla Ailaiah",+919948297777,2026-08-22T07:04:26.812Z
cmt419b6y00pxv330h75bcbsv,"MLC Council - Teenmar Mallanna",+919866524314,2026-08-22T07:04:26.812Z
cmt419bl700q1v3306zmk0qsf,"AO Collectorate Yadadri Bhongir - John Mohan",+918331997006,2026-08-22T07:04:36.844Z
cmt419bho00q0v330w7a00i49,"RDO Choutuppal - V. Shekhar Reddy",+918331997005,2026-08-22T07:04:36.844Z
cmt419bop00q2v330xc4f5kq5,"RDO Bhongir - M.V. Bhupal Reddy",+918331997004,2026-08-22T07:04:36.844Z
cmt419be400pzv330t6u77uxf,"DRO - R. Mahendar Reddy",+918331997003,2026-08-22T07:04:36.844Z
cmt419bvp00q4v330dpt9esos,"District Collector - Hanumanthu Rao",+918331997001,2026-08-22T07:04:36.844Z
cmt419bz800q5v3301ztk573n,"Bhongir Rural CI Police",+919440795642,2026-08-22T07:04:36.844Z
cmt419c2r00q6v330t7375bgc,"Bhongir Town CI Police",+919440795645,2026-08-22T07:04:36.844Z
cmt419c6c00q7v3302ubc5zgj,"Sub-Inspector Police - M. Lakshmaiah",+918712580129,2026-08-22T07:04:36.845Z
cmt419c9u00q8v3308c74bfdj,"Sub-Inspector Police - C. Yadavareddy",+918555872362,2026-08-22T07:04:36.845Z
cmt419cld00q9v3307kfada7a,"Sub-Inspector Police - K. Yadagiri",+919492359110,2026-08-22T07:04:36.845Z
cmt419cov00qav330ffzptlno,"Sub-Inspector Police - N. Krishna Murthy",+918771258018,2026-08-22T07:04:36.845Z
cmt419csf00qbv3306xsae1i3,"Inspector Police - G. Manmadha Kumar",+918712662481,2026-08-22T07:04:36.845Z
cmt419cvy00qcv330wabkyqu6,"She Team Police Helpline",+919490617111,2026-08-22T07:04:36.845Z
cmt419czg00qdv330ren1o9b1,"Arogyasri Medical Helpline (104) - Arogyasri Helpline",+104,2026-08-22T07:04:36.845Z
cmt419d2z00qev330ze6ri8rb,"Fire Station Emergency (101) - Fire Station Helpline",+101,2026-08-22T07:04:36.845Z
cmt419d6i00qfv330t9p77pzo,"Emergency Ambulance Services (108) - Ambulance Helpline",+108,2026-08-22T07:04:36.845Z
cmt419da200qgv330tys4k3e4,"Emergency Police Control Room - Police Helpline",+100,2026-08-22T07:04:36.845Z
cmt419ddm00qhv330yfg3122f,"సౌమ్య రెడ్డి",+919876543210,2026-08-22T07:04:36.846Z
cmt419dh600qiv3302uydtg6z,"వెంకటేష్ గౌడ్",+919441348175,2026-08-22T07:04:36.846Z
cmt4199p600piv330x6ogu98l,"Sarpanch Are Gudem - Yennapalli Dhanalaxmi",+919640926928,2026-08-22T07:04:26.812Z
cmt419het00j0v3q40elzlgi3,"Primary Health Center Medical Officer - Bandari Prasad",+919848010415,2026-08-22T07:04:44.645Z
cmt419hie00j1v3q4jifgth3m,"Anganwadi Sector Supervisor - Palle Kumar",+919848010414,2026-08-22T07:04:44.774Z
cmt419hlw00j2v3q4lqifh0cx,"Public Works Department Officer - Bairikonda Gupta",+919848010413,2026-08-22T07:04:44.900Z
cmt419hph00j3v3q4kew3816u,"Veterinary Hospital Assistant - Pulugari Rao",+919848010412,2026-08-22T07:04:45.030Z
cmt419ht100j4v3q4ki7uyt7v,"Agriculture Extension Officer - Marri Reddy",+919848010411,2026-08-22T07:04:45.158Z
cmt419hwm00j5v3q4y19rwg7g,"Cooperative Society Director - Taduri Goud",+919848010410,2026-08-22T07:04:45.287Z
cmt419i0400j6v3q4hydy0krt,"Gram Panchayat Ward Member - Beerla Balu",+919848010409,2026-08-22T07:04:45.412Z
cmt419i3s00j7v3q4th6dv46l,"Panchayati Raj Field Officer - Guddati Rajesh",+919848010408,2026-08-22T07:04:45.545Z
cmt419i7a00j8v3q4w7qzkl3d,"Electrical Assistant Engineer - Poloju Gopal",+919848010407,2026-08-22T07:04:45.670Z
cmt419iau00j9v3q49nhqovdp,"Electricity Line Inspector - Survi Lingaiah",+919848010406,2026-08-22T07:04:45.799Z
cmt419ief00jav3q4rxrk10zf,"Junior Revenue Assistant - Katakam Chandraiah",+919848010405,2026-08-22T07:04:45.927Z
cmt419ihw00jbv3q4clh5qe60,"Senior Revenue Assistant - Nalla Shankar",+919848010404,2026-08-22T07:04:46.053Z
cmt419ilh00jcv3q4uki6e1nw,"Revenue Inspector - Rikkala Anjaiah",+919848010403,2026-08-22T07:04:46.181Z
cmt419ioz00jdv3q4970ftqud,"Police Head Constable - Gangapuram Yadagiri",+919848010402,2026-08-22T07:04:46.307Z
cmt419ism00jev3q4t8hp91a7,"Police Assistant Sub-Inspector - Koyyada Suresh",+919848010401,2026-08-22T07:04:46.438Z
cmt419iwn00jfv3q4pn0otfxc,"Police Sub-Inspector - Chilukuri Ramesh",+919848010400,2026-08-22T07:04:46.583Z
cmt418e4y00gnv330wc1ziupr,"Irrigation Department Assistant - Chintala Ravinder",+919848010398,2026-08-22T07:03:46.382Z
cmt418dqp00gjv3307pjkybi9,"Village Revenue Assistant VRA - Gande Satyanarayana",+919848010397,2026-08-22T07:03:46.382Z
cmt4189zz00fhv330g2in6w4i,"Primary Health Center Medical Officer - Nalla Anjaiah",+919848010375,2026-08-22T07:03:46.381Z
cmt419r8e00lov3q4ot3yk5e0,"Handloom Officers Association Director - Survi Anjaiah",+919848010319,2026-08-22T07:04:57.375Z
cmt419rc300lpv3q42k8hq1rt,"Irrigation Department Assistant - Katakam Yadagiri",+919848010318,2026-08-22T07:04:57.508Z
cmt419rfn00lqv3q4qor2xkge,"Village Revenue Assistant VRA - Nalla Suresh",+919848010317,2026-08-22T07:04:57.636Z
cmt419rj200lrv3q4xb64m564,"Asha Health Worker Incharge - Rikkala Ramesh",+919848010316,2026-08-22T07:04:57.759Z
cmt419rmg00lsv3q4gx52uoxk,"Primary Health Center Medical Officer - Gangapuram Mahendar",+919848010315,2026-08-22T07:04:57.880Z
cmt419rpv00ltv3q4yybov1qj,"Anganwadi Sector Supervisor - Koyyada Ravinder",+919848010314,2026-08-22T07:04:58.003Z
cmt419rti00luv3q4elwanr2z,"Public Works Department Officer - Chilukuri Satyanarayana",+919848010313,2026-08-22T07:04:58.134Z
cmt419rx400lvv3q4d041b1b0,"Veterinary Hospital Assistant - Gutta Bhikshapathi",+919848010312,2026-08-22T07:04:58.264Z
cmt419s0n00lwv3q4v6vqf4mv,"Agriculture Extension Officer - Chintala Venkatesh",+919848010311,2026-08-22T07:04:58.391Z
cmt419s4800lxv3q4n3vmw7c1,"Cooperative Society Director - Gande Srinivas",+919848010310,2026-08-22T07:04:58.520Z
cmt419s7t00lyv3q461d5izkt,"Gram Panchayat Ward Member - Nandikanti Narsimha",+919848010309,2026-08-22T07:04:58.650Z
cmt419sbk00lzv3q4p7o10w8z,"Panchayati Raj Field Officer - Gode Mallaiah",+919848010308,2026-08-22T07:04:58.784Z
cmt419sf200m0v3q4u0xrshe1,"Electrical Assistant Engineer - Dondapati Nayak",+919848010307,2026-08-22T07:04:58.910Z
cmt419sil00m1v3q44hq2gfwe,"Electricity Line Inspector - Bakkathatla Chary",+919848010306,2026-08-22T07:04:59.038Z
cmt419sne00m2v3q40la2v096,"Junior Revenue Assistant - Boya Venu",+919848010305,2026-08-22T07:04:59.211Z
cmt419st800m3v3q4gu0uy42e,"Senior Revenue Assistant - Venreddy Shekhar",+919848010304,2026-08-22T07:04:59.420Z
cmt419swq00m4v3q4dy6mvuo7,"Revenue Inspector - Ubbu Prasad",+919848010303,2026-08-22T07:04:59.546Z
cmt419t0900m5v3q4977gnjfu,"Police Head Constable - Komatireddy Kumar",+919848010302,2026-08-22T07:04:59.674Z
cmt419t3u00m6v3q4jwa2dkk8,"Police Assistant Sub-Inspector - Vangala Gupta",+919848010301,2026-08-22T07:04:59.803Z
cmt419xdl00nev3q4fabuo4u6,"Village Revenue Assistant VRA - Gangapuram Satyanarayana",+919848010257,2026-08-22T07:05:05.337Z
cmt418m0a00ivv330ujdxdiit,"Police Head Constable - Battu Goud",+919848010242,2026-08-22T07:03:56.540Z
cmt41a11w00ogv3q453y0a653,"Handloom Officers Association Director - Bakkathatla Prasad",+919848010219,2026-08-22T07:05:10.100Z
cmt41a15800ohv3q4yfsv8u7t,"Irrigation Department Assistant - Boya Kumar",+919848010218,2026-08-22T07:05:10.221Z
cmt41a18m00oiv3q4fwp59tt6,"Village Revenue Assistant VRA - Venreddy Gupta",+919848010217,2026-08-22T07:05:10.342Z
cmt41a1c100ojv3q4ai7eaxql,"Asha Health Worker Incharge - Ubbu Rao",+919848010216,2026-08-22T07:05:10.466Z
cmt41a1fe00okv3q41wh0p6xe,"Primary Health Center Medical Officer - Komatireddy Reddy",+919848010215,2026-08-22T07:05:10.586Z
cmt41a1is00olv3q4ecljryi4,"Anganwadi Sector Supervisor - Vangala Goud",+919848010214,2026-08-22T07:05:10.708Z
cmt41a1m500omv3q4dpmjmas6,"Public Works Department Officer - Battu Balu",+919848010213,2026-08-22T07:05:10.829Z
cmt41a1pj00onv3q4irqx1yfd,"Veterinary Hospital Assistant - Bandari Rajesh",+919848010212,2026-08-22T07:05:10.951Z
cmt41a1sw00oov3q4rf5b15lw,"Agriculture Extension Officer - Palle Gopal",+919848010211,2026-08-22T07:05:11.072Z
cmt41a1w900opv3q43xpsw38a,"Cooperative Society Director - Bairikonda Lingaiah",+919848010210,2026-08-22T07:05:11.193Z
cmt41a1zm00oqv3q49wyivo0m,"Gram Panchayat Ward Member - Pulugari Chandraiah",+919848010209,2026-08-22T07:05:11.315Z
cmt41a22z00orv3q4r5n28d16,"Panchayati Raj Field Officer - Marri Shankar",+919848010208,2026-08-22T07:05:11.435Z
cmt41a26c00osv3q4luv8ii96,"Electrical Assistant Engineer - Taduri Anjaiah",+919848010207,2026-08-22T07:05:11.557Z
cmt41a29s00otv3q46sd52xyu,"Electricity Line Inspector - Beerla Yadagiri",+919848010206,2026-08-22T07:05:11.680Z
cmt41a2d500ouv3q48d5s6qvx,"Junior Revenue Assistant - Guddati Suresh",+919848010205,2026-08-22T07:05:11.802Z
cmt41a2gj00ovv3q4eattwxpa,"Senior Revenue Assistant - Poloju Ramesh",+919848010204,2026-08-22T07:05:11.923Z
cmt41a2k600owv3q44teidrm0,"Revenue Inspector - Survi Mahendar",+919848010203,2026-08-22T07:05:12.054Z
cmt41a1f300oxv3q42gr92s4g,"Police Head Constable - Katakam Ravinder",+919848010202,2026-08-22T07:05:10.575Z
cmt41a1io00oyv3q4k9jqxrp3,"Police Assistant Sub-Inspector - Nalla Satyanarayana",+919848010201,2026-08-22T07:05:10.704Z
cmt41a1m900ozv3q45t3abgxx,"Police Sub-Inspector - Rikkala Bhikshapathi",+919848010200,2026-08-22T07:05:10.834Z
cmt418uzx00lev330wxykydk5,"Asha Health Worker Incharge - Gutta Mallaiah",+919848010196,2026-08-22T07:04:06.655Z
cmt41a24300p4v3q4ofw9rdk7,"Primary Health Center Medical Officer - Chintala Nayak",+919848010195,2026-08-22T07:05:11.475Z
cmt418pyy00jzv330oi10pdn2,"Revenue Inspector - Bandari Gopal",+919848010183,2026-08-22T07:04:06.654Z
cmt41a74n00qiv3q4r30a6wsu,"Junior Revenue Assistant - Survi Satyanarayana",+919848010145,2026-08-22T07:05:17.975Z
cmt41a78j00qjv3q4uy52hy99,"Senior Revenue Assistant - Katakam Bhikshapathi",+919848010144,2026-08-22T07:05:18.115Z
cmt41a7c200qkv3q4a8f865xc,"Revenue Inspector - Nalla Venkatesh",+919848010143,2026-08-22T07:05:18.242Z
cmt41a7fi00qlv3q4uuxgmtqn,"Police Head Constable - Rikkala Srinivas",+919848010142,2026-08-22T07:05:18.366Z
cmt41a80c00qrv3q4lc7i9r25,"Asha Health Worker Incharge - Gande Shekhar",+919848010136,2026-08-22T07:05:19.116Z
cmt41a84000qsv3q4wl98m32j,"Primary Health Center Medical Officer - Nandikanti Prasad",+919848010135,2026-08-22T07:05:19.248Z
cmt418t4i00kvv330ubht0nru,"Panchayati Raj Field Officer - Komatireddy Rajesh",+919848010128,2026-08-22T07:04:06.654Z
cmt41a9ow00r8v3q4gjwmtco6,"Handloom Officers Association Director - Beerla Mahendar",+919848010119,2026-08-22T07:05:21.296Z
cmt41a9sb00r9v3q4vyioy3gt,"Irrigation Department Assistant - Guddati Ravinder",+919848010118,2026-08-22T07:05:21.420Z
cmt41aah200rgv3q4uy3e7wlg,"Agriculture Extension Officer - Koyyada Nayak",+919848010111,2026-08-22T07:05:22.311Z
cmt41aakh00rhv3q43h48u6wo,"Cooperative Society Director - Chilukuri Chary",+919848010110,2026-08-22T07:05:22.434Z
cmt41aany00riv3q4zjfg4oaf,"Gram Panchayat Ward Member - Gutta Venu",+919848010109,2026-08-22T07:05:22.558Z
cmt4199i500pgv3301m8hbv5e,"Sarpanch Pantangi - Kaaki Sreelatha",+919666508503,2026-08-22T07:04:26.812Z
cmt4162zn00a0v3ccaa9dnuro,"Handloom Officers Association Director - Venreddy Anjaiah",+919848010739,2026-08-22T07:02:05.987Z
cmt4164oo00aiv3cc6xac5dbh,"Police Assistant Sub-Inspector - Gangapuram Gupta",+919848010721,2026-08-22T07:02:08.184Z
cmt41aavh00rkv3q4fg9bp512,"Electrical Assistant Engineer - Gande Prasad",+919848010107,2026-08-22T07:05:22.829Z
cmt41aayw00rlv3q4voqith9s,"Electricity Line Inspector - Nandikanti Kumar",+919848010106,2026-08-22T07:05:22.952Z
cmt41ab2n00rmv3q4byshfcso,"Junior Revenue Assistant - Gode Gupta",+919848010105,2026-08-22T07:05:23.087Z
cmt41ab7700rnv3q4abpv5jsq,"Senior Revenue Assistant - Dondapati Rao",+919848010104,2026-08-22T07:05:23.251Z
cmt41abea00rpv3q47410fn0c,"Police Head Constable - Boya Goud",+919848010102,2026-08-22T07:05:23.507Z
cmt41abht00rqv3q431je4skm,"Police Assistant Sub-Inspector - Venreddy Balu",+919848010101,2026-08-22T07:05:23.634Z
cmt41ablf00rrv3q4lxp93p42,"Police Sub-Inspector - Ubbu Rajesh",+919848010100,2026-08-22T07:05:23.764Z
cmt418xkx00m4v330ha3qbaii,"Junior Revenue Assistant - Nalla Narsimha",+919848010085,2026-08-22T07:04:16.769Z
cmt418xdu00m2v33046jzq86w,"Handloom Officers Association Director - Chintala Prasad",+919848010079,2026-08-22T07:04:16.769Z
cmt4191e500n7v330yjj81uht,"Police Sub-Inspector - Guddati Bhikshapathi",+919848010060,2026-08-22T07:04:16.770Z
cmt41938s00nov330c98ulzet,"Primary Health Center Medical Officer - Pulugari Mahendar",+919848010035,2026-08-22T07:04:16.770Z
cmt41aip100tqv3q49c37kk1o,"Gram Panchayat Ward Member - Survi Narsimha",+919848010029,2026-08-22T07:05:32.965Z
cmt41aisl00trv3q47nbiibm1,"Panchayati Raj Field Officer - Katakam Mallaiah",+919848010028,2026-08-22T07:05:33.094Z
cmt41ajao00twv3q4tq2bzs3n,"Revenue Inspector - Chilukuri Prasad",+919848010023,2026-08-22T07:05:33.744Z
cmt41aje800txv3q4qzc5tilt,"Police Head Constable - Gutta Kumar",+919848010022,2026-08-22T07:05:33.872Z
cmt41ajhr00tyv3q4dtc23pfa,"Police Assistant Sub-Inspector - Chintala Gupta",+919848010021,2026-08-22T07:05:34.000Z
cmt41ajw400u2v3q4nnlky9gx,"Village Revenue Assistant VRA - Dondapati Balu",+919848010017,2026-08-22T07:05:34.516Z
cmt41ak0400u3v3q44sbfluhx,"Asha Health Worker Incharge - Bakkathatla Rajesh",+919848010016,2026-08-22T07:05:34.660Z
cmt41ak3k00u4v3q4ywdcmtft,"Primary Health Center Medical Officer - Boya Gopal",+919848010015,2026-08-22T07:05:34.784Z
cmt41ak7b00u5v3q4j3ehv1l0,"Anganwadi Sector Supervisor - Venreddy Lingaiah",+919848010014,2026-08-22T07:05:34.919Z
cmt41akau00u6v3q43fv11txq,"Public Works Department Officer - Ubbu Chandraiah",+919848010013,2026-08-22T07:05:35.047Z
cmt41akeg00u7v3q4ryu2dkf6,"Veterinary Hospital Assistant - Komatireddy Shankar",+919848010012,2026-08-22T07:05:35.176Z
cmt41akhu00u8v3q4qnh44w63,"Agriculture Extension Officer - Vangala Anjaiah",+919848010011,2026-08-22T07:05:35.298Z
cmt41aklc00u9v3q4913apvj0,"Cooperative Society Director - Battu Yadagiri",+919848010010,2026-08-22T07:05:35.424Z
cmt41akp500uav3q43uh9h4gu,"Gram Panchayat Ward Member - Bandari Suresh",+919848010009,2026-08-22T07:05:35.562Z
cmt41akso00ubv3q4myw75oqc,"Panchayati Raj Field Officer - Palle Ramesh",+919848010008,2026-08-22T07:05:35.689Z
cmt41akwb00ucv3q4i1ih7mt7,"Electrical Assistant Engineer - Bairikonda Mahendar",+919848010007,2026-08-22T07:05:35.820Z
cmt41akzz00udv3q4rxpy6ako,"Electricity Line Inspector - Pulugari Ravinder",+919848010006,2026-08-22T07:05:35.952Z
cmt41al3g00uev3q477d1nnwt,"Junior Revenue Assistant - Marri Satyanarayana",+919848010005,2026-08-22T07:05:36.077Z
cmt41al6t00ufv3q4du22ztd5,"Senior Revenue Assistant - Taduri Bhikshapathi",+919848010004,2026-08-22T07:05:36.198Z
cmt41ala600ugv3q4oabggmxy,"Revenue Inspector - Beerla Venkatesh",+919848010003,2026-08-22T07:05:36.319Z
cmt41aldk00uhv3q4rodl3fsg,"Police Head Constable - Guddati Srinivas",+919848010002,2026-08-22T07:05:36.440Z
cmt41alh200uiv3q40npi4i7e,"Police Assistant Sub-Inspector - Poloju Narsimha",+919848010001,2026-08-22T07:05:36.567Z
cmt41alkp00ujv3q4mcca1rig,"Police Sub-Inspector - Survi Mallaiah",+919848010000,2026-08-22T07:05:36.697Z
cmt4195p400odv330dz2i319g,"Panchayat Secretary Pantangi - C.H. Srikanth",+919533225590,2026-08-22T07:04:26.811Z
cmt4195lk00ocv3304m9dtt7h,"Panchayat Secretary Gundlabavi - Y. Dhanalaxmi",+919948388071,2026-08-22T07:04:26.811Z
cmt4198wc00gmv3q4gj4p7wtg,"Police Assistant Sub-Inspector - Palle Venu",+919848010501,2026-08-22T07:04:33.612Z
cmt419hb700izv3q4o8h9n1bg,"Asha Health Worker Incharge - Battu Shekhar",+919848010416,2026-08-22T07:04:44.515Z
cmt418dy000glv330wzi7ayt7,"Primary Health Center Medical Officer - Gode Venkatesh",+919848010395,2026-08-22T07:03:46.382Z
cmt419t7e00m7v3q4toj8jh4r,"Police Sub-Inspector - Battu Rao",+919848010300,2026-08-22T07:04:59.931Z
cmt418j2100i1v3307m4z0sbj,"Anganwadi Sector Supervisor - Taduri Lingaiah",+919848010294,2026-08-22T07:03:56.539Z
cmt418twy00l3v3307idtpo2y,"Panchayati Raj Field Officer - Beerla Ramesh",+919848010148,2026-08-22T07:04:06.655Z
cmt41aarq00rjv3q4cpni33dr,"Panchayati Raj Field Officer - Chintala Shekhar",+919848010108,2026-08-22T07:05:22.694Z
cmt41abas00rov3q49ck6rpb4,"Revenue Inspector - Bakkathatla Reddy",+919848010103,2026-08-22T07:05:23.381Z
cmt4199lo00phv330zz3wez53,"Sarpanch D. Nagaram - Surugu Giri",+917799710108,2026-08-22T07:04:26.812Z
cmt41asi400wfv3q4ggxcry95,"Bhagyasri Hospital & Eye Care",+919848732428,2026-08-22T07:05:45.676Z
cmt41atix00wpv3q4qerl93n4,"Ex MLA Leader - Kusukuntla Prabhakar Reddy",+919908500369,2026-08-22T07:05:47.001Z
cmt41atxb00wtv3q4wanzufd0,"MP Nalgonda - Gutta Amit Reddy",+919989222288,2026-08-22T07:05:47.519Z
cmt41au1b00wuv3q468f92ih7,"MP Bhongir - Chamala Kiran Kumar Reddy",+919908355699,2026-08-22T07:05:47.664Z
cmt41au4u00wvv3q42t6tf3lo,"MLA Munugode - Komatireddy Rajagopal Reddy",+919866911221,2026-08-22T07:05:47.790Z
cmt41au8g00wwv3q4tuy56kbn,"Assistant Engineer AOE OP Electricity",+919440813567,2026-08-22T07:05:47.920Z
cmt41aubz00wxv3q4h0n7nboy,"Divisional Engineer DE OP Electricity",+917901093658,2026-08-22T07:05:48.047Z
cmt41aufk00wyv3q4w7k8w6rt,"Transco Electrical AE - Power Emergency",+919440813595,2026-08-22T07:05:48.176Z
cmt41auix00wzv3q4bq89ikhb,"IPDC Power Substation Choutuppal",+917382615170,2026-08-22T07:05:48.298Z
cmt41aumf00x0v3q4q4d4h4lh,"Current Substation Choutuppal Emergency",+919491065911,2026-08-22T07:05:48.423Z
cmt41aupy00x1v3q4n0ia4497,"Market Committee Secretary",+917330733596,2026-08-22T07:05:48.550Z
cmt41auth00x2v3q4v7gxy0sk,"Agricultural Officer Choutuppal",+917288894513,2026-08-22T07:05:48.677Z
cmt41aux100x3v3q4r815b6jl,"Arogyasri Manager - K. Pramod",+919333815944,2026-08-22T07:05:48.805Z
cmt41av0l00x4v3q4d27knnzc,"District Medical Officer - Dr. Madhusudhan",+919989997697,2026-08-22T07:05:48.933Z
cmt41av4400x5v3q4z6hxdzz9,"Municipal Commissioner - Venugopal Reddy",+919849905913,2026-08-22T07:05:49.060Z
cmt41av7l00x6v3q48g1qr5zf,"CPO Officer - G. Jagadeesh",+918897811393,2026-08-22T07:05:49.185Z
cmt41avb000x7v3q425p5i3ca,"AE Panchayati Raj - Y. Nithish Kumar",+919121136770,2026-08-22T07:05:49.308Z
cmt41aven00x8v3q4vcpzoxw4,"District Agriculture Officer - D. Srinivas Kumar",+918221997016,2026-08-22T07:05:49.439Z
cmt41avi400x9v3q4cxu6vjyb,"MPDO Officer - Bojja Sandeep Kumar",+919989059012,2026-08-22T07:05:49.565Z
cmt41avlp00xav3q46eoo6v2g,"Deputy Tahsildar - P. Siddhartha",+919505267778,2026-08-22T07:05:49.693Z
cmt41avpo00xbv3q4or7ej9vf,"Tahsildar Choutuppal - Veerabai",+918331997020,2026-08-22T07:05:49.837Z
cmt419bs700q3v3305atla9x0,"Joint Collector - Ravi Gupta",+918331997002,2026-08-22T07:04:36.844Z
